wid,model,fold,train_nll,test_nll,θ_depth,β_depth,β_lead,θ_sat,β_click,β_sat,θ_lead,ε
w09ef317,DepthFirst,1,102.40053089267222,14.624851242655007,1.0585408419479092e-14,9.185992825228187e-19,0.35158294169437065,9.078360702891094e-14,2.632785594292828e-20,6.745440708039055e-19,4.120499765359093,0.0010000000000000002
w09ef317,DepthFirst,2,96.72175766927155,20.127916754869837,4.506030894651464e-14,4.217079213435581e-16,0.27899209086122106,4.86407716764373e-19,1.2845430714376417e-17,3.2577808654304417e-53,4.613857574834433,0.001000000000000002
w09ef317,DepthFirst,3,89.77813951328397,27.444658408558258,5.194100843164623e-28,1.3457241318850455e-35,0.18137999014236783,1.9678820906110617e-48,5.148825668065577e-58,0.027916386723625702,6.523666963922321,0.0010000000000000002
w09ef317,DepthFirst,4,94.83068151219217,22.32211519616319,3.319793331339132e-13,6.449825263979833e-16,0.3730694134312663,1.8252418030644989e-13,1.916249605614086e-17,0.02970087415163104,3.6062748364913166,0.0010000000000158632
w09ef317,DepthFirst,5,82.41324754182246,34.655298617304034,5.034162793536844e-17,6.385050309351423e-16,0.39474876450806995,6.699459915544379e-13,2.2934953583918103e-19,9.872282763769157e-16,2.795904637024687,0.0010000000000017209
w0c47aeb,DepthFirst,1,0.7900433025309296,0.19751082563273245,2.7727607187200833e-17,2.9999999999999996,1.897737043292231e-15,1.9493372425941545e-14,6.016792832286922e-19,1.897231891166465e-15,1.9359907582279748e-14,0.0010000000000000046
w0c47aeb,DepthFirst,2,0.7900433025309296,0.19751082563273245,2.7727607187200833e-17,2.9999999999999996,1.897737043292231e-15,1.9493372425941545e-14,6.016792832286922e-19,1.897231891166465e-15,1.9359907582279748e-14,0.0010000000000000046
w0c47aeb,DepthFirst,3,0.7900433025309296,0.19751082563273245,2.7727607187200833e-17,2.9999999999999996,1.897737043292231e-15,1.9493372425941545e-14,6.016792832286922e-19,1.897231891166465e-15,1.9359907582279748e-14,0.0010000000000000046
w0c47aeb,DepthFirst,4,0.7900433025309296,0.19751082563273245,2.7727607187200833e-17,2.9999999999999996,1.897737043292231e-15,1.9493372425941545e-14,6.016792832286922e-19,1.897231891166465e-15,1.9359907582279748e-14,0.0010000000000000046
w0c47aeb,DepthFirst,5,0.7900433025309296,0.19751082563273245,2.7727607187200833e-17,2.9999999999999996,1.897737043292231e-15,1.9493372425941545e-14,6.016792832286922e-19,1.897231891166465e-15,1.9359907582279748e-14,0.0010000000000000046
w1709267,DepthFirst,1,230.07407423865436,56.43789206133608,6.294675121252385e-14,0.7308676575484874,0.3115452221141701,4.726499915437211,0.04390956938983946,0.1425721004769836,29.999999999999996,0.0010000000000000586
w1709267,DepthFirst,2,226.44148819126144,61.656676363561694,3.8599930514460274e-13,0.8410743705433078,0.43842503698101726,5.596691356546711,0.03372544519652106,0.27600315754147153,29.99999999999849,0.0010000000000000022
w1709267,DepthFirst,3,229.10545576356418,57.22321259547282,4.438077883062648e-16,0.5982712793294778,0.34827298412085084,7.857885383938382e-28,0.036980289423271924,0.16935848059783953,29.99999999983444,0.0010000000000000002
w1709267,DepthFirst,4,219.00568427056763,69.64771100585963,4.542992933988455e-14,0.7860753106917642,0.4556286560867784,3.0760806679565086e-18,0.03864388701960573,0.06997211776486845,24.470755097909443,0.0010000000000000002
w1709267,DepthFirst,5,236.87695966601888,49.62988199756702,5.240633127585533e-15,0.7900517080520145,0.2965579402322477,6.90800308678234,0.032154073326758584,0.18267510144328764,29.9999999999979,0.00100000000000029
w1bbb0ad,DepthFirst,1,179.89050135421127,27.45148763239627,3.009356561431879e-13,2.9999999999999947,0.5722947340691487,3.0181979633922147e-12,0.019697197956149028,0.28781967859229013,27.727124296720074,0.03189788100984994
w1bbb0ad,DepthFirst,2,164.78600083740258,42.53384579289788,1.2140523469170112e-12,2.999999999999997,0.6202903983289398,5.488966392227868e-15,0.021533972173700074,0.4101001561713695,29.2629041527475,0.055866927867529795
w1bbb0ad,DepthFirst,3,159.43323032693752,49.281986118999576,3.961788252465743e-14,0.6563731787448341,1.6253465531103002,1.7857271960440878e-13,0.04074202875764802,0.21144951639452844,12.461775689242707,0.0365393245667676
w1bbb0ad,DepthFirst,4,160.38838830416907,48.85787397436186,6.251997488818845e-15,2.068582278291534,0.5041786975637605,2.8056248895775e-13,0.05769135844566114,0.2558115515707979,25.349219640489075,0.0010000000000000796
w1bbb0ad,DepthFirst,5,156.57537377277683,50.43847873332175,5.488600803421069e-13,2.9999999999999996,0.5084223215127728,3.3130104929431482e-12,0.03854349106078186,0.26466527051451616,27.87851443313308,0.045751261435835924
w20c5bf9,DepthFirst,1,117.51963830199061,35.143371877354944,1.8695958839053182,2.9999999999999996,0.25129141134432237,1.1364514495795118e-11,0.013123546273255415,0.12585121203457125,1.9745312151071864e-22,0.0010000000000000002
w20c5bf9,DepthFirst,2,125.29529943406853,26.408757316906428,1.9449801514932843,2.9999999999999996,0.1720075071956017,2.306308836400594e-13,7.883223648278867e-18,0.1680083685162251,9.685097097905613e-13,0.0010000000000003556
w20c5bf9,DepthFirst,3,123.24808967910943,28.398023644325132,2.0628502258300307,2.9999999999999996,0.24213443627538864,1.1662227891506516e-13,3.540948476656841e-18,0.18856053238450635,4.730403595839448e-15,0.0010000000000000002
w20c5bf9,DepthFirst,4,122.35794185162361,29.23404518083444,1.9897774380010023,2.9999999999999964,0.2904763639345878,1.142668306656737e-14,2.4740593077064537e-16,0.162518237483176,4.929429641794281e-13,0.0010000000000003723
w20c5bf9,DepthFirst,5,116.55804389429183,35.543987308887374,2.1324647518600015,2.9999999999999996,0.2342168575413933,8.353753532568321e-15,0.003032306765379975,0.21178521150078988,6.3129299733888915e-12,0.0010000000000000002
w230c19e,DepthFirst,1,0.7900433025309296,0.19751082563273245,2.7727607187200833e-17,2.9999999999999996,1.897737043292231e-15,1.9493372425941545e-14,6.016792832286922e-19,1.897231891166465e-15,1.9359907582279748e-14,0.0010000000000000046
w230c19e,DepthFirst,2,0.7900433025309296,0.19751082563273245,2.7727607187200833e-17,2.9999999999999996,1.897737043292231e-15,1.9493372425941545e-14,6.016792832286922e-19,1.897231891166465e-15,1.9359907582279748e-14,0.0010000000000000046
w230c19e,DepthFirst,3,0.7900433025309296,0.19751082563273245,2.7727607187200833e-17,2.9999999999999996,1.897737043292231e-15,1.9493372425941545e-14,6.016792832286922e-19,1.897231891166465e-15,1.9359907582279748e-14,0.0010000000000000046
w230c19e,DepthFirst,4,0.7900433025309296,0.19751082563273245,2.7727607187200833e-17,2.9999999999999996,1.897737043292231e-15,1.9493372425941545e-14,6.016792832286922e-19,1.897231891166465e-15,1.9359907582279748e-14,0.0010000000000000046
w230c19e,DepthFirst,5,0.7900433025309296,0.19751082563273245,2.7727607187200833e-17,2.9999999999999996,1.897737043292231e-15,1.9493372425941545e-14,6.016792832286922e-19,1.897231891166465e-15,1.9359907582279748e-14,0.0010000000000000046
w24fe8f8,DepthFirst,1,194.4628445917096,57.408283970469604,2.0810542801379044e-29,1.1324304685660973,0.2888077300424515,6.330087047152968,1.4015761629045476e-21,0.25249428768320104,29.999999999999996,0.0010000000000000002
w24fe8f8,DepthFirst,2,195.6769329571511,56.67409150251616,1.2363713018729642e-12,1.741028218251901,0.2678307384172941,29.999999999999996,6.802099028398846e-17,0.32795428734447324,10.771898348719208,0.0010000000000000002
w24fe8f8,DepthFirst,3,203.7592367920453,49.81066162900772,3.999999999998307,2.999999999999982,0.32504662940566753,7.653217970906787e-10,7.958413137245183e-18,0.32112946533873216,8.365836351741446,0.0010000000000019596
w24fe8f8,DepthFirst,4,195.8313480533359,55.907958263997266,2.403832489106521e-18,1.6422183626580331,0.29093393800290485,29.999999999927986,3.0719690259702936e-19,0.3157842004730231,9.865277394529034,0.0010000000000002678
w24fe8f8,DepthFirst,5,212.86484675481117,38.65845272203794,1.7117911863607878,2.2409213183307686,0.288080387605327,29.99999999999999,2.82100012365881e-25,0.3094621854437359,1.543504168294828e-11,0.0010000000000000002
w27225aa,DepthFirst,1,171.21544319624886,56.553498831299294,3.480184039303176,2.6290403351732254,0.2409901718119627,5.391432818632271e-13,0.011081620009917704,0.2549574126621153,6.240629863090685e-15,0.0010000000000000293
w27225aa,DepthFirst,2,190.4749533077849,36.31781353579896,3.0066699826820504,2.6585826279271654,0.19270935719094137,4.711536184597093e-13,0.0029473472326228822,0.19324776327260726,4.2338048739006857e-13,0.0010000000000000002
w27225aa,DepthFirst,3,179.67339579923868,48.13885190926198,1.5061993362096563e-15,2.099636326423348,0.315630225706783,3.0108006776340933e-12,0.021341227207417025,0.17581680572151726,23.33835306895652,0.0010000000000004424
w27225aa,DepthFirst,4,185.78599941291097,40.957409029005404,3.1565752335012816,2.512020508619642,0.20859836854290562,2.970167498238527e-12,5.612779524624481e-16,0.18790029019176022,7.592108838306552e-12,0.0010000000000023287
w27225aa,DepthFirst,5,175.59382574892425,51.4641874154911,3.0552499942561853,2.9999999999999507,0.2947342641275004,1.5748750247430698e-20,0.01587209042472016,0.1830426186128073,1.685301187710443e-17,0.001000000000000002
w29cdd9f,DepthFirst,1,5.13483210730292,14.974024257391795,2.793537292271571e-17,2.69195366561158,9.540469401608567e-15,1.6769315206837872e-20,5.472961267255239e-15,0.46235804773013583,8.517733033492884e-17,0.0010000000000002416
w29cdd9f,DepthFirst,2,13.260155715331155,0.9537546082799754,1.0583734933260887e-15,1.3155804309170578,0.7376326686747544,4.360723644185154e-19,0.6799224977751803,2.5736502208297194e-21,2.5781349344251896e-15,0.001000000000000003
w29cdd9f,DepthFirst,3,13.260155715331155,0.9537546082799754,1.0583734933260887e-15,1.3155804309170578,0.7376326686747544,4.360723644185154e-19,0.6799224977751803,2.5736502208297194e-21,2.5781349344251896e-15,0.001000000000000003
w29cdd9f,DepthFirst,4,10.206916513889476,3.9052690139263406,5.254497091345725e-27,1.6011911504036456,0.6805107848535644,4.2743631598405195e-22,0.6798976154452089,2.4512620034578534e-28,9.872949044971632e-24,0.0010000000000000002
w29cdd9f,DepthFirst,5,13.260155716686848,0.9537546178630776,4.1051066754420295e-21,1.315580419589554,0.7376326900492786,4.213616079192662e-17,0.6799224470573844,9.249281703346846e-20,2.7991544878352027e-17,0.0010000000000000013
w2b6ff87,DepthFirst,1,165.31988236086195,40.59771908314452,1.9784658539632103e-16,0.8648583006138091,0.26216677043689735,1.6260933104001863e-12,0.07323126382287774,0.045130338382367144,19.83800789194159,0.0010000000000000022
w2b6ff87,DepthFirst,2,138.84986351933495,70.47316858803295,1.7624747772369872e-12,0.3479324317534175,0.25293517454696934,3.748565193070807e-13,0.12170650443450895,0.03804972147419779,19.15779689775785,0.0010000000000000295
w2b6ff87,DepthFirst,3,173.27119805804097,32.68057679249462,3.256732414481339e-22,1.4357745431648201,0.23544481847608045,1.274100482043338e-15,0.07029378219453913,0.06348064226749738,28.072724665969808,0.0010000000000000002
w2b6ff87,DepthFirst,4,152.79897897492384,54.319573610329385,4.28829199388324e-22,1.4745435280434538,0.2974934604935902,4.0262138641240584e-22,0.08347254596111243,0.027700235702127467,20.252284553558493,0.0010000000000000002
w2b6ff87,DepthFirst,5,184.85494900004076,21.341024746626218,8.783848150980133e-15,1.0827913857770477,0.24037554754904114,4.575603850247508e-22,0.06245559698723043,0.019082399355929116,22.930350878983266,0.0010000000000000002
w2d73732,DepthFirst,1,190.89342101357576,47.9429311998081,1.8185525590919634e-24,2.945357064859712,0.6282590000911665,7.265751601750689e-13,0.009861997343834906,0.3356918168588787,24.20766209813513,0.0010000000000000002
w2d73732,DepthFirst,2,175.3044280436885,65.22694648000204,2.0691930596724912e-14,2.999999999999881,2.5218728259849796,9.940793080406717e-12,0.04532734776027206,0.6034891265288704,14.632087612469311,0.06498231009640684
w2d73732,DepthFirst,3,196.17222437616073,41.62937932067911,5.192461604522167e-16,2.6567332842637676,0.542041002708642,1.47651695107855e-14,0.010403648613989038,0.2508189912279362,24.560630419463333,0.03146073752869078
w2d73732,DepthFirst,4,194.93073565251993,43.77288524951343,1.2536936047214111e-14,2.980968987103771,0.9933126282496151,8.946581209533705e-18,0.007213837447053018,0.41652060534960433,20.16379205475988,0.034927457055518224
w2d73732,DepthFirst,5,187.89800646557427,50.65869324783806,3.375807587958101e-13,1.4934160456114367,0.3682415345540802,2.4486755653424554e-11,0.023208318825436856,0.26423080940174815,25.224256807971276,0.0010000000000000002
w2f752f8,DepthFirst,1,138.0515713504827,51.97952514568253,2.178672998711088e-18,0.31550531169226786,0.492416620044489,8.602930415958408e-18,0.08243149368850503,0.07096496582296731,10.444358918730968,0.0010000000000000002
w2f752f8,DepthFirst,2,151.98718581657184,37.665822684025265,8.39130825939026e-14,9.320891673374902e-18,0.6731458577012402,1.5547343165197172e-12,0.0715213246942882,0.1400567463791904,10.498734746026635,0.0010000000000003355
w2f752f8,DepthFirst,3,148.7660320986083,40.56268338861162,1.9032720111126496e-13,5.531091294544319e-15,0.482961496945283,2.4729252708584866e-12,0.054694609539936136,0.09190637361517967,10.126135710857247,0.0010000000000000009
w2f752f8,DepthFirst,4,148.98957423458842,40.41497039650638,6.102457557060539e-20,1.2153568615221101e-22,0.5105297322391988,9.572028708918473e-18,0.08532267345670233,0.07496087193800785,9.74249392657994,0.0010000000000000002
w2f752f8,DepthFirst,5,162.45096493171982,27.34938633696332,1.923568633143478e-14,1.0013670077066419e-14,2.9999999999999956,6.1967225633831e-13,0.05419759267564263,0.9404186459639301,12.117214462361895,0.0643108167913086
w353ba70,DepthFirst,1,133.4579332307847,42.12416775208934,3.417348259919646e-14,2.999999999999943,1.7741114097499282,7.283725963925589e-12,0.04188477112103741,0.14846336329562432,7.8522300029437115,0.11655900453491393
w353ba70,DepthFirst,2,131.3476699537646,46.000104476084054,1.7261432207071757e-16,1.7206124554694059e-15,0.794827514290662,6.034481033727961e-13,0.0353194190650096,1.2002727155069879e-21,4.0713303266771925,0.0010000000000006646
w353ba70,DepthFirst,3,140.63964802867176,34.458842159203634,1.9128336547561326e-14,0.17255187934799127,0.5564529315277,2.063909652938369e-16,0.04171651686963837,0.026064239236772497,6.764680983518103,0.0010000000000000007
w353ba70,DepthFirst,4,147.55156281328084,30.199158418498353,2.76374934754573e-13,3.0106069835350364e-15,2.9999999999999414,9.391671486212347e-12,0.04829952722988274,1.259410414346824,14.179280155343898,0.14647301192919007
w353ba70,DepthFirst,5,143.3642753194002,32.25419528803661,7.012869529429693e-16,2.9999999999999987,1.9516407560676272,3.941474331054925e-15,0.037734677366878966,0.19730764841650966,7.746598174406397,0.18865820903172315
w3577f1b,DepthFirst,1,220.3816103748011,47.42719755248294,3.9999999999992224,2.9999999999999996,0.27306222115063583,1.1722718108868411e-14,9.967578534030613e-17,0.20718201674070583,1.4229392414511501,0.0010000000000004714
w3577f1b,DepthFirst,2,217.7537304919564,50.004983067728205,3.93265138006978,2.9999999999999996,0.28198853936741897,7.163026430316017e-12,8.709390519419492e-20,0.17137860570824717,6.610605170827989e-12,0.0010000000000000002
w3577f1b,DepthFirst,3,211.41627899850457,56.58407990288836,3.9944577559761805,2.9999999999999933,0.27316295580114347,1.081909932361565e-11,1.1277511287419552e-17,0.17011181591218658,1.4467664410201704e-11,0.0010000000000000018
w3577f1b,DepthFirst,4,206.99745995932918,60.96592502027972,3.775791118335084,2.999999999999997,0.25427155575127325,1.2795783464142554e-12,1.4304170425850999e-16,0.15664241856532543,3.747623381371656e-11,0.0010000000000001785
w3577f1b,DepthFirst,5,210.46449100550223,68.64509584228334,1.7773764695986437e-12,2.999999999999957,0.39826681523098195,29.999999999999993,9.712886256707564e-20,0.553792221567041,1.3250975104980631,0.0010000000000003775
w41284a9,DepthFirst,1,225.24743206149043,65.43011143763145,3.9999999999836096,1.5255801628706163,0.19241277223251058,5.170009450762477e-11,2.3524278546967964e-19,0.15545449897209573,11.136858407859874,0.0010000000000033155
w41284a9,DepthFirst,2,231.71791932673543,59.33608337474892,0.8186691111533856,1.6382374049799964,0.25519786489706,9.002430082504896e-20,3.1922845157600336e-26,0.11862551247058138,29.999999999999996,0.0010000000000000002
w41284a9,DepthFirst,3,235.70525185343433,55.05538138718494,1.2554622992671862,1.457976391335839,0.21887534668534522,6.603447938700429e-12,2.5021719888448112e-16,0.12959774064336024,29.99999999998024,0.001000000000000303
w41284a9,DepthFirst,4,222.87865761101997,68.93176169181832,1.5482324436573867,1.645695054147732,0.19379970801302612,29.999999999999154,1.123178825505344e-17,0.256591952431551,3.1390660058146584e-12,0.0010000000000000002
w41284a9,DepthFirst,5,239.13867275413557,60.75132155834915,2.177655616113724e-15,2.9999999999999996,0.8077356914571286,29.999999999999996,2.9838781876933285e-25,0.8872568890074982,1.0678333747522364,0.02714765513983691
w4cc191d,DepthFirst,1,166.53666453441696,41.7134606805582,1.0029021592299235e-14,2.9999999999999996,1.9357790070581793,3.29724126103396e-16,0.05153244927997938,0.4299606841868211,15.048030203612516,0.0010000000000000002
w4cc191d,DepthFirst,2,171.78241937499263,36.74174795468912,4.300774581910016e-13,2.999999999999978,1.5681845110293058,2.9478302518921366e-12,0.03305152257373723,0.2036529342241271,14.68750707093233,0.0010000000000001538
w4cc191d,DepthFirst,3,161.9228201263574,45.879630559330394,7.025168826302005e-15,2.9999999999999996,1.7277146560070893,5.387612815683827e-12,0.04432498662703706,0.31358638273830186,15.254390049440483,0.0010000000000014676
w4cc191d,DepthFirst,4,166.00326988117143,41.80627557878449,8.008187239026302e-8,2.999999999973169,1.7198697695978666,1.5803625108401763e-6,0.04640622439547574,0.30580316026764914,15.226278462285315,0.0010000000120570453
w4cc191d,DepthFirst,5,163.7383722955174,44.010301804911435,3.2136207955927483e-13,2.9999999999999996,1.753794480533825,1.5018987440043946e-12,0.04471567856304184,0.3166031514547548,15.075442118477394,0.0010000000000000002
w511d3a1,DepthFirst,1,234.08887734800152,35.21992662922556,1.8390741014761748e-13,0.33034337224115723,0.23804767504474447,29.999999999989516,0.051545163463896655,0.2897339638727075,2.3512113819758182,0.034097790961805166
w511d3a1,DepthFirst,2,218.3887219676192,49.731457923370506,1.4547782552395673e-15,6.384351838673812e-17,0.2970802356160016,29.999999999999996,0.07893433793953578,0.3173383865860729,2.178783131747727,0.03367118996602681
w511d3a1,DepthFirst,3,209.1595784230732,60.86032350443075,2.2599520304016915e-20,0.5140197311198154,0.21382962871915615,29.999999999999996,0.07241906578280322,0.2934064617801048,2.8697597670947355,0.0010000000000000002
w511d3a1,DepthFirst,4,202.50412281239596,66.81096862152495,4.275666048834837e-15,0.47651936994780403,0.23754268315322308,26.98635067741681,0.08813250998921386,0.44945658171147934,3.1751296801027367e-13,0.042915076078847925
w511d3a1,DepthFirst,5,198.9473283415082,83.42892352304884,3.789950123249941e-13,7.378848191695389e-19,2.9999999999999996,6.390574210246767e-15,0.09075576811476464,1.9901502632275037,23.546544268832495,0.04890242098641802
w52faa3e,DepthFirst,1,215.11642401736302,66.78144686308603,9.18924158878193e-25,0.21895363705800827,0.32389117226696645,29.999999999999996,3.5163320993858214e-17,0.4099791962844689,0.2797687510861298,0.00100000000000001
w52faa3e,DepthFirst,2,213.74651730449605,64.19567429689836,1.1508897831793333e-19,2.9999999999999996,2.0688748917279933,1.5262218665358314,1.3642893318055836e-20,1.9493965396846895,29.99999999997768,0.13904484927013114
w52faa3e,DepthFirst,3,226.0638485632241,51.823282264639474,1.832483464271738e-13,0.6997172474427245,0.14618032716831156,29.99999999999443,3.356768797440043e-18,0.21093778353848755,10.599389362053994,0.0010000000000000002
w52faa3e,DepthFirst,4,233.29167525694686,45.3935729950474,4.837865700376549e-13,2.999999999999917,1.875806580722671,29.960410562270646,2.4098568365270507e-17,2.259198412650305,1.0836145250376846e-13,0.1836046452851647
w52faa3e,DepthFirst,5,213.0851710696161,64.81774215335066,1.9732328055835795e-13,0.24530805642853287,0.1969397418597881,29.999999999995254,1.7137640167665408e-16,0.27770521208926396,3.4971962548743387,0.028006475450447526
w5310e61,DepthFirst,1,165.37597137341274,58.778620079355605,2.2057700927438616e-18,1.3387285121342978,0.5253143069672018,1.361823456833497e-13,0.06756848586799569,0.2588739241289472,24.841013762574715,0.0010000000000000022
w5310e61,DepthFirst,2,179.1339500653854,44.373421879418316,3.1109463913116048e-18,0.19824095137778056,0.46133712082186823,9.508312310019718e-13,0.057990804268652045,0.19300811970948173,20.673144176544717,0.0010000000000000009
w5310e61,DepthFirst,3,180.4438456384539,43.747691102696976,6.619728499589526e-14,1.735619883356705e-12,0.5204549650071174,9.874731764620792e-12,0.06983319527988645,0.17695203346561622,19.53071644872295,0.0010000000000009266
w5310e61,DepthFirst,4,188.6418381355984,34.9517913598935,2.5596654314485384e-15,0.24672096995281292,0.4832129459125297,3.8521210518425446e-18,0.05395091707154939,0.1972816880952015,20.441077033811737,0.0010000000000000002
w5310e61,DepthFirst,5,176.030713836665,50.484472640744805,2.257692558852359e-19,2.9999999999999996,0.5163264513560427,3.0682145472137203e-13,0.05366918878218778,0.1099525479586975,27.729486699683704,0.001000000000000034
w5387968,DepthFirst,1,222.56933629716988,63.27662534576333,2.171153664233309e-12,1.01541167449039,0.24436993849014854,4.99474621708992e-14,2.524845934660479e-16,0.06736247942339103,27.468940905134698,0.0010000000000000074
w5387968,DepthFirst,2,242.19283836297154,43.77812745144021,0.6533718388682216,0.9571180110418077,0.19738301751400533,4.347973468703592e-12,8.052691057151031e-20,0.08057491147710927,29.99999999999999,0.0010000000000070085
w5387968,DepthFirst,3,223.50240757685398,62.85835887952157,0.5960128216102458,1.367481469011476,0.22090015939733457,3.2344993555107304e-6,2.5193246758412894e-25,0.10741697100971642,29.99999999999998,0.0010000000000000002
w5387968,DepthFirst,4,228.09152305315556,57.54824057614007,3.99417024590178e-15,1.1218000359970786,0.21470411876091638,2.4952380771068253e-17,1.1222057614902033e-16,0.04952987359201508,29.757065181261453,0.0010000000000005374
w5387968,DepthFirst,5,224.20181937284298,62.8599928544978,3.1396443511504137,2.9999999999999813,0.21802463332661856,6.728492649635013e-13,3.3967923461765723e-17,2.992951801899893e-15,2.1759875731034434e-12,0.0010000000000000028
w560b89c,DepthFirst,1,199.04648653381386,41.8089119226405,0.699761582960642,2.3245113243588973,0.13010694892371152,29.99999999999897,0.08694226037617815,0.4242365592808589,1.529889027002785e-14,0.20133848413186403
w560b89c,DepthFirst,2,198.08238939661126,42.17101577961307,3.98498741552825e-13,2.9999999999999996,0.02103103400721477,28.651813231319256,0.09351473937495096,0.5756725798282079,7.039374335957722e-18,0.24611394966766725
w560b89c,DepthFirst,3,203.4816648284622,37.0989851894833,0.6560092167000436,2.9999999999999996,0.10345455605710675,29.99999999999998,0.08092807764585676,0.486457105929443,5.269082804370755e-18,0.22967182717274112
w560b89c,DepthFirst,4,183.75134014057352,57.110892389441126,5.786727432099956e-13,5.141210635755993e-13,2.453630032224602,4.521792500054382,0.12478635415160157,1.138518660508682,29.999999999998902,0.27330244820583127
w560b89c,DepthFirst,5,173.09424651091766,67.59907742056205,3.0102225337310314e-13,1.5813089534304889e-15,2.467603260352409,4.48862716431402,0.10915486233683881,1.1409632028811898,29.999999999999673,0.2502539883857558
w56b4fe0,DepthFirst,1,90.00375887631616,41.00333403604978,3.94916473629623e-14,2.999999999999998,0.6208699098310358,5.373075781953628e-16,0.11842828920631236,1.7329760111739826e-17,9.394071395504746,0.0010000000000000132
w56b4fe0,DepthFirst,2,103.38403134801621,26.519158496669586,1.7178506244868166,2.9999999999999996,0.3826557475677584,7.134081149175664e-13,0.09987191706080475,0.0008219489213338607,9.156697061363658e-14,0.0010000000000000076
w56b4fe0,DepthFirst,3,105.5592324724545,24.093606630129976,2.3990585714034224e-17,2.5292183066220404,0.43916960412429323,2.410711158797649e-13,0.09910709124090998,0.029782162148304953,11.363040571014885,0.0010000000000000002
w56b4fe0,DepthFirst,4,103.91041114935507,25.693155380070593,4.614786164861084e-13,2.9999999999999996,0.40144445582827964,1.249681253710347e-13,0.09319388799656549,0.03492739372759051,14.14925039584368,0.0010000000000000002
w56b4fe0,DepthFirst,5,112.13793143526493,18.378478611306463,1.7770797370554117,2.9999999999999996,0.38800024096005675,2.0175554036223792e-8,0.06567821764658881,0.03838253298358058,5.767545770114714e-27,0.0010000000000000002
w5bb42cf,DepthFirst,1,88.04528614669164,19.548359228960695,5.4874544923783096e-12,2.9999999999999996,0.7063176005640499,8.177540629842769e-13,0.10223115110355334,2.1011261639259367e-23,6.708642908016984,0.0010000000000000002
w5bb42cf,DepthFirst,2,80.88531850315313,26.658517405117692,8.422002541119154e-17,2.9999999999999942,0.7448862123918872,8.423131866422254e-14,0.09836290086164765,2.6128871474289554e-18,6.413779584075357,0.0010000000000000174
w5bb42cf,DepthFirst,3,88.92687650271188,18.565041346492798,3.9248287292745006e-13,2.999999999999999,0.6599287122224284,1.1557285069578821e-12,0.07886160385986199,4.119067393127106e-16,7.1036216026734,0.001000000000000001
w5bb42cf,DepthFirst,4,85.11076757551571,22.355646565794,1.7458530975461565e-14,2.9999999999999853,0.6513488548765602,7.056219570292437e-14,0.08932399130493213,8.889197087205066e-16,7.13131944013913,0.0010000000000000002
w5bb42cf,DepthFirst,5,85.08156799181599,26.87629440039832,4.763516449471244e-16,2.9999999999999996,1.6330795288149922,2.620987951890502e-15,0.06037370943433693,0.04755326434735371,2.8454827367328854,0.0010000000000000002
w5cb6d34,DepthFirst,1,215.16843720809658,49.51716119575683,3.785343657088271,2.9999999999999893,0.22084303280197928,2.1971540619966296e-12,0.006540555366622504,0.1501115857519942,1.4331683689660142e-11,0.0010000000000003504
w5cb6d34,DepthFirst,2,203.99821931304598,61.786825570912384,3.999999998836628,2.999995481740278,0.2565602188660237,1.7870179897530266e-28,0.013432035403348584,0.18125262987743504,0.5103327219460406,0.0010000000000000002
w5cb6d34,DepthFirst,3,213.31160044761504,53.87938393490772,2.2387779761405502e-13,2.563060147265004,0.37042539722464235,3.5570487955561505e-12,0.013089825337560288,2.552986066836819e-22,29.41239761897398,0.0010000000000000002
w5cb6d34,DepthFirst,4,205.04337016472414,59.43464034477458,3.946198996230496,2.855994431328254,0.23448121413183487,2.1408782531421424e-17,0.012035249582713296,0.1333909859245852,2.6100273781303386e-12,0.0010000000000000002
w5cb6d34,DepthFirst,5,230.6507631489611,51.04145995616324,2.260565905288052e-15,2.9999999999999996,1.7541262723900395,7.51385267536164e-12,0.760811012519551,0.18561329391273684,14.250615216384919,0.6452713503215894
w5f2e05f,DepthFirst,1,172.59530274664476,41.42475263292071,2.8505206435039145e-15,2.9999999999999996,1.384318060623408,2.874795819559428e-14,0.012851549525342225,0.6798858609103285,18.84887251130421,0.032615460491801584
w5f2e05f,DepthFirst,2,178.926050603225,35.44640216882505,4.1522120774068696e-14,1.4112195153668363,0.5849814597182614,1.4408252569562611e-11,0.030306688655769753,0.08074594398844875,15.285155431875962,0.0010000000000000907
w5f2e05f,DepthFirst,3,162.6719651379579,53.42856012763686,9.188138329333806e-19,1.2505211333817785,1.3727164804873615,2.1547007150070078e-16,0.04123514971880949,0.6106661123000442,16.71248551161278,0.0010000000000000768
w5f2e05f,DepthFirst,4,171.33103141424078,41.878545819680824,1.3082263157420919e-12,2.4188432293935804,1.0919910212079238,9.046215368210115e-12,0.039871784287480935,0.5461316570104346,19.261660777904343,0.03760080523015453
w5f2e05f,DepthFirst,5,161.4456720399622,52.75162522295624,5.917864392279763e-14,1.5731823574083441,2.999999999999993,2.0461370470214708e-13,0.03818374883095341,1.260722120916237,15.148824925355697,0.03796239357303594
w60c1428,DepthFirst,1,19.784975822903288,3.7043562590584416,1.3039322870836993e-17,0.6885656623272314,2.684583855683028e-15,2.469942544535392e-15,5.054160567407201e-18,1.0842426563428234,1.343301600001e-24,0.001000000000000029
w60c1428,DepthFirst,2,21.743276728027368,1.9796337184469341,3.1294819866177735e-17,0.44746676149489906,2.4189037242050625e-15,1.1779678420761992e-15,4.222810270485795e-19,1.1327981024804656,3.1291316212888947e-19,0.0010000000000000002
w60c1428,DepthFirst,3,17.23995759156129,6.265167256652249,2.482355674557409e-15,0.8703204250270631,2.2924094766822287e-15,1.9917429387609375e-15,4.7390196177033454e-21,0.969125441769165,8.564823170560612e-19,0.0010000000000000002
w60c1428,DepthFirst,4,14.829241615089787,9.034128034208823,2.521703745204558e-15,1.172973651918394,2.307296680882785e-15,5.123421602910061e-15,7.735714675192874e-17,0.7817830174197145,1.0309969691037001e-13,0.0010000000000000002
w60c1428,DepthFirst,5,19.78497577321902,3.7043563515792735,3.615425720365809e-25,0.6885653886574855,7.962252950976585e-17,2.749201858034575e-17,2.548535539009706e-19,1.0842444205534822,3.2420093635924407e-16,0.0010000000000000002
w64fee36,DepthFirst,1,223.7173671549022,60.254740328876096,3.999999999999765,2.999999999999493,0.21562422378390528,6.321207882012389,9.538135133800169e-17,0.27517088557438885,2.3213794223764963e-15,0.001000000000000003
w64fee36,DepthFirst,2,226.34514406163095,60.329443435926365,1.9596426182050917e-17,1.5267056173962106,0.2874628429996326,7.413734611213926,3.0601072753270354e-21,0.23020599975779618,29.999999999999996,0.0010000000000000002
w64fee36,DepthFirst,3,227.58639396458454,56.43653437917057,3.9999999999999316,2.8588488255517808,0.23688065683438647,8.30340174775082,7.606028685182716e-23,0.28244167891401295,2.9650023651820843e-15,0.0010000000000000013
w64fee36,DepthFirst,4,215.94893602297412,68.89733523203088,3.9999999999999996,2.9999999999999996,0.21163250657291505,1.189094395473686,2.33051284240926e-23,0.2173844519133046,0.8934739420717352,0.0010000000000000002
w64fee36,DepthFirst,5,240.2192091532257,43.74404579847312,3.9999999999999156,2.851316834422183,0.19911915808247066,5.799235009352642,1.9536215647920162e-17,0.2632656915335908,7.964839515228553e-12,0.0010000000000001
w66c749f,DepthFirst,1,124.36079566645859,51.94182436132674,3.72120728255932e-15,1.2154807002817976,0.4360828055745296,1.299259081113877e-15,0.10056400590062711,0.18412449380134624,16.84706550779241,0.0010000000000000365
w66c749f,DepthFirst,2,129.59838205300156,51.87874323211163,1.4034133268975375e-13,9.26630226918841e-14,1.8381809439102852,4.433191732082274e-12,0.06906981142985832,0.4324257788773379,8.751767887119927,0.03749817641928796
w66c749f,DepthFirst,3,139.29494373432846,36.49121323429666,4.3555941135182876e-18,1.88300471989043,0.48282133868355764,3.4250163556264708e-15,0.08044546398345527,0.21403005891914645,19.732545049713526,0.0010000000000000182
w66c749f,DepthFirst,4,154.2270182796765,21.77627912524853,1.0160881733624612e-12,1.7093142535861254,0.4197873695230108,1.248420501037299e-13,0.05750981416146582,0.2002312610489512,20.39710721108514,0.0010000000000000002
w66c749f,DepthFirst,5,148.66353657309358,26.721173514011284,2.518911786675206e-12,1.0184170891836677,0.5544318964621191,1.964900402563661e-12,0.06577340193276508,0.1776260331906713,14.335798292814761,0.0010000000000000002
w674d7da,DepthFirst,1,306.8808920363434,85.08247184894864,3.9999999999999476,1.6008553858356536,0.1472553642327801,4.6680479152450834e-11,4.482594457828913e-17,0.12775063885534776,25.938975710717582,0.0010000000000000005
w674d7da,DepthFirst,2,317.2239794227367,72.61834640771492,3.999999888901717,1.5313313119163112,0.060170905038694315,18.544797547865173,2.6834442115368238e-25,0.15835873469106498,3.1246291051361004,0.0010000000000000002
w674d7da,DepthFirst,3,311.34320730073335,79.04904322680063,3.9999999999999996,2.120564570065743,0.09331242446348051,17.992648716080957,4.131684507171654e-21,0.22074947370895714,4.5357659120850985e-16,0.0010000000000000002
w674d7da,DepthFirst,4,308.25654598583225,81.8849111429419,3.999999987474161,0.7816190495767961,0.08466778884456448,29.999999999999996,1.1318602337056933e-20,0.15989094322680844,1.3397056418618807e-17,0.0010000000000000002
w674d7da,DepthFirst,5,311.99606256010617,77.7492128298999,3.9999999999999862,1.3108119572666888,0.083105803005015,25.550976543996008,1.522442818726718e-16,0.16186642809790483,1.3102203249244236e-11,0.0010000000000004918
w6826680,DepthFirst,1,129.17138944100012,38.443913712566804,1.9024949896272173e-18,1.304452504264413e-25,0.6140152770285654,1.921967767102111e-14,0.09074392932156079,0.26929080083414875,11.259179134902967,0.0010000000000000002
w6826680,DepthFirst,2,137.33580118518535,29.320326569092778,1.7684302492127505e-13,2.9999999999998836,2.999999999999979,1.8878354144176056e-11,0.0963243601010614,1.8580570373227212,17.13044474449774,0.06407701863288819
w6826680,DepthFirst,3,130.11832153631494,36.74869456818871,2.131392575171644e-15,1.36216002028628e-17,0.4727491690441293,3.284649480926426e-13,0.08144401366436922,0.14587284808726486,9.878774903319002,0.0010000000000002487
w6826680,DepthFirst,4,137.86009439720888,28.73726336213588,6.659317561820428e-13,2.000592036559321e-15,0.7030509458690416,1.605963369703677e-12,0.09428544885763594,0.20574159328570046,9.791416031920475,0.03373134107549726
w6826680,DepthFirst,5,126.69543841405398,39.97692793513178,5.561158634498337e-17,2.4171720047816514,2.9999999999999996,1.0893134359085042e-13,0.0976836944445296,1.845633914360801,16.913730259854805,0.07103467661696673
w6956925,DepthFirst,1,141.87277165336383,31.8009552128471,6.990558491245498e-13,1.2670268659159003,0.7086848879126562,1.2608584629643038e-11,0.04903609896686028,0.10523816914678323,12.467534785561465,0.048659254751391504
w6956925,DepthFirst,2,133.83413380619484,39.16241370900992,6.3592117725758e-13,1.2128347451986445,0.5315448180376462,1.3509818581040793e-14,0.06059818788996421,0.11721385605371899,12.648462554528681,0.0010000000000023976
w6956925,DepthFirst,3,146.6614878777791,26.255339492883213,1.9877043332423417e-65,1.2563976242398232,2.9999999999999996,0.24764589087267866,0.045085669196838346,0.6549421480309107,8.626514080770809,0.14329737162034661
w6956925,DepthFirst,4,137.3376881273594,35.50684077358276,1.1319592597626299e-18,0.3575132463126912,0.44932209426752107,4.2791387839889697e-16,0.06585950730460959,0.015438276515817745,9.572728753766993,0.0010000000000020312
w6956925,DepthFirst,5,122.87661903944942,59.30622342644053,5.062357327988735e-14,2.999999999999998,0.6399084212222914,9.038585796012505e-16,0.07527089070023883,4.435395936675177e-16,12.060621738822483,0.03737094931964769
w6e8ffbb,DepthFirst,1,154.09463917986346,39.48096035736105,2.9428012183490875,2.9999999999999996,0.2591676565730743,2.652304652326183e-11,3.086527830948522e-20,0.3930940105824984,2.4086141893052184e-18,0.10784135279130214
w6e8ffbb,DepthFirst,2,163.68580195868242,29.973026773887987,2.7234577958049124,2.999999999999938,0.2798953894761008,9.229792822495183e-12,8.461327785619101e-16,0.2453959955178954,2.4792999417794502e-11,0.1275276464726887
w6e8ffbb,DepthFirst,3,151.305578181883,42.55531512142677,8.764124268259695e-16,2.9999999999999982,0.41005064859341334,20.473300345046297,3.7377680424297763e-22,0.5036360901549278,4.128072301496745e-14,0.14619486518824315
w6e8ffbb,DepthFirst,4,140.4430148736652,57.395175230838255,2.5436783941020518,2.9999999999999996,0.24633546675521306,6.260554329001367e-18,1.3732876329937186e-25,0.20232558655040397,4.7354612800734087e-23,0.0010000000000000041
w6e8ffbb,DepthFirst,5,158.02074464650616,38.00522176494764,9.362638588231403e-16,2.999999999999997,0.40163461019948443,12.401629029261427,1.13356773496733e-16,1.837308490327483,5.236837031000148e-15,0.20917618501856158
w718f032,DepthFirst,1,217.08075184550214,43.688721412045965,1.0319950522894269e-19,3.3295390772374075e-13,0.32445394607187017,1.9311039089978166e-12,2.8917031554002564e-23,0.14502681663195535,14.531123794781646,0.0010000000000000024
w718f032,DepthFirst,2,219.29104494356244,40.94334190299939,2.0371535315375945e-13,0.04595131946152828,0.2690537535111632,3.6557345593349255e-18,4.8849741320135833e-20,0.06817257208109247,14.626122772107282,0.00100000000000491
w718f032,DepthFirst,3,185.24358899129098,87.16748870102872,3.686284783695289e-21,3.9420720497432836e-25,2.503287197550405,3.0405529099640805e-18,4.3869193464525756e-34,1.2417820703533982,12.04315728621142,0.13178255804722963
w718f032,DepthFirst,4,204.3890039237785,55.61977487859899,3.696507471972889e-14,0.10286345066339196,0.26868495707346185,6.6689141565901185e-18,2.394665632068767e-19,0.10430218050797617,16.255301410205874,0.0010000000000000675
w718f032,DepthFirst,5,208.25318820957818,51.89629846587344,2.145833154302315e-12,0.0806677553366611,0.26263059030080843,3.3047379397903883e-15,6.798504911559115e-17,0.07312261838483929,14.890757672883524,0.0010000000000032132
w7272d4a,DepthFirst,1,164.14396230153972,49.39553165327034,6.259773531552284e-15,0.25693551475766824,0.2628433563839774,20.166478323749228,0.039865994970243755,0.2646763984112543,6.1191870024896616e-12,0.001000000000003119
w7272d4a,DepthFirst,2,160.65177673640534,53.22039808739897,2.124905748496918e-13,0.07996508642838533,0.2697491546482847,17.052002230410782,0.016389722724788808,0.29952411636145493,1.2269214037555462e-11,0.0010000000000009062
w7272d4a,DepthFirst,3,164.68744890656083,49.03544801673541,9.090493779803847e-14,0.12521732407097597,0.22293157386766255,18.98545142979298,0.04048009788979559,0.2514911832433337,4.3648208718051837e-13,0.0010000000000000002
w7272d4a,DepthFirst,4,183.1912927392511,30.618217947994466,3.175609121034538e-13,0.2880059545654594,0.3055992599104449,18.45446543726988,0.02477578573624294,0.3469201210403652,2.415266141328534e-11,0.0010000000000009977
w7272d4a,DepthFirst,5,178.12413343328086,35.51836300773146,5.506195916337411e-13,0.15640295711929006,0.26551703936753074,4.717649295354516e-12,0.0182293078462724,0.22793998482398659,18.347763228004116,0.0010000000000000002
w771a1b9,DepthFirst,1,182.96068230011875,45.18796890438005,3.9999999999994484,2.1204567828943683,0.18369084732219207,0.788506456756934,0.02013568371403861,0.2728586304918847,7.420492301527258e-13,0.07123778540933054
w771a1b9,DepthFirst,2,183.16965821153497,43.4996208968837,1.4203808887304004e-14,2.9999999999999996,0.9164454512303584,25.138894568890166,0.02178356737147531,1.0437035161183073,1.640955310151943e-11,0.17487117880139158
w771a1b9,DepthFirst,3,178.0421541834364,49.10640766270362,6.508134073937615e-14,2.771230275357773,0.9896527300200157,1.677888302369283e-11,0.0257302159039705,0.9548464780896809,25.34337333501191,0.18263395201581276
w771a1b9,DepthFirst,4,171.96208848433974,57.28948638235892,3.93288586300961,1.6534501653940727,0.18858147487072735,4.891421762813534e-19,1.1748129408956462e-20,0.19936590495473683,1.5908558936459036e-15,0.001000000000000363
w771a1b9,DepthFirst,5,185.4364690790666,41.64601951701554,4.4859727716468487e-14,2.9999999999999996,1.7613128629387267,23.424758071225607,0.007977851738846822,1.8181243210241411,8.737641413567618e-11,0.13863379855164312
w7966091,DepthFirst,1,159.01836215636197,30.477148167024414,5.094908162794639e-12,2.9999999999998965,0.5481980035238411,1.6004707255661914e-12,0.023695679802000078,0.36181723814749306,26.254588921631118,0.001000000000000163
w7966091,DepthFirst,2,154.6916882624018,34.98025895208578,1.716877566844183e-12,2.9999999999999996,0.6417050902498026,2.3685427382838933e-12,0.028818705106542462,0.3827620000130374,24.592854726016945,0.0010000000000000076
w7966091,DepthFirst,3,143.26691959383967,47.52947152787813,1.378956219645775e-16,2.9999999999999996,0.829913273237763,1.2549688032691408e-13,0.02737447114416182,0.555432334829233,23.77767598105706,0.0010000000000000002
w7966091,DepthFirst,4,148.10424500437466,74.03936775708013,2.7282689505157604e-20,2.9999999999999996,1.7720800393411913,4.253878069171686e-18,0.01823357630981709,0.24796146837477082,9.82800626491092,0.0010000000000000002
w7966091,DepthFirst,5,148.48009043209436,41.02844456122845,1.7280990147765491e-16,2.8803489427418927,0.5888336686669368,1.3792548794559767e-15,0.028375836417579722,0.3428221572500572,24.312686450096084,0.0010000000000000002
w85f0641,DepthFirst,1,221.36782539928527,48.3209106692433,1.33694540323246e-19,1.1150337758414233,0.25217034906794394,7.504643574737783e-16,0.017550682078954098,0.03464843198431881,26.112809688894195,0.0010000000000000024
w85f0641,DepthFirst,2,198.22813314803133,71.26594326713553,1.4112090505679724e-24,0.7688745109862966,0.24124059877492646,9.784603427700618e-21,0.03821906944930162,0.06671309629002392,23.695715386516433,0.0010000000000000002
w85f0641,DepthFirst,3,210.40174056751525,59.641732879622886,0.8431684479838188,1.4288523255568368,0.22486642564724876,1.3317544278065922e-10,0.023235535574060096,0.18209133802060665,29.99999999999733,0.0010000000000000002
w85f0641,DepthFirst,4,214.9564270935663,53.439372007197214,0.10207618610084847,1.2507500358204287,0.21325075170379618,7.715980711669572e-12,0.018057335400934897,0.0800107509611697,29.999999999897717,0.0010000000000000002
w85f0641,DepthFirst,5,223.45497034660585,45.73956110973935,1.7669344569679737,1.2128612934095195,0.16624021489839436,1.2340789951903698e-13,0.013965356745374871,0.15474611692128673,29.99999999489031,0.0010000000000005168
w87adde5,DepthFirst,1,114.34744472344161,25.860608488814954,2.0915844336590597e-13,2.9999999999999996,0.468116011592544,1.904144976645153e-16,0.07265812608533183,0.03199846256873702,13.65318577143074,0.0010000000000000163
w87adde5,DepthFirst,2,107.36968630559448,33.001363425890766,1.7812227912484058e-17,2.9999999999999996,0.4299177886984002,4.131229379673665e-15,0.09639789415119109,2.67605064394296e-22,14.560050165482544,0.0010000000000000005
w87adde5,DepthFirst,3,107.0597748466433,32.78655229481874,2.0956330722043625e-13,2.9999999999999996,0.4645304378962682,1.812615161897925e-15,0.08080940179081636,0.0009300703609088552,13.412702433742512,0.0010000000000000553
w87adde5,DepthFirst,4,112.27568141378894,27.797712065926024,1.7360333166757588e-13,2.9999999999999996,0.42786031731516805,1.1260616532385474e-13,0.09082759694909007,0.002289449620064599,14.35464424479067,0.0010000000000000054
w87adde5,DepthFirst,5,116.5930972201498,24.1531383650825,1.1262920125583464e-17,2.9999999999999996,0.47333992310434025,6.56754269687266e-13,0.05436310212003584,2.3575956007609095e-20,13.097428566583506,0.0010000000000000046
w8a0cf46,DepthFirst,1,176.06249792379697,56.5822462428263,9.99228777827072e-16,1.4363095058722417,0.42141934149855265,1.6233079324592214e-12,3.2427909276462e-16,0.16434532022078305,16.47905841830759,0.0010000000000000007
w8a0cf46,DepthFirst,2,190.84036453311953,42.24146342397308,2.534811998163452e-12,1.6743212115236763,0.4716216993315877,6.922774926744035e-12,1.3646757465675502e-17,0.12117296391610732,14.901359395099039,0.0010000000000001388
w8a0cf46,DepthFirst,3,191.50464486016094,41.60911792268627,2.4528345721638547e-11,2.4245663912832867,0.3988191778443091,3.508630479945066e-13,3.1941345971869466e-18,0.24959266088140356,22.862929367869558,0.0010000000000000002
w8a0cf46,DepthFirst,4,190.41510910975626,42.55440094382466,3.5202261369762033,2.4885046287862167,0.31182060357851477,2.3041554074664083e-15,8.097217871945291e-19,0.2182088688940606,1.3027619666909317e-21,0.0010000000000000002
w8a0cf46,DepthFirst,5,178.09667125879835,54.6868587530206,5.090636490220783e-14,1.46237158125537,0.3015459481530574,3.291158741049212e-11,2.1176452168996195e-24,0.18569856046296182,22.561573641547316,0.0010000000000020535
w8c9c8db,DepthFirst,1,168.8130777686095,37.09298121818175,5.9482174429951115e-15,2.9999999999999956,2.9999999999999996,4.249499546395949e-12,1.7495882675085982e-16,1.075509663532451,10.088496255716946,0.06482423915373177
w8c9c8db,DepthFirst,2,171.9633771219444,33.86061715000383,8.137404166097364e-14,2.5559328058188693,2.577538263962605,3.3787253579180384e-16,5.799656965749354e-22,0.7125753333862415,9.574427192110697,0.07190096869260586
w8c9c8db,DepthFirst,3,166.0058901424173,39.94038821224935,2.248715128362663e-13,2.9999999999999796,2.1794119844773125,3.00742849132784e-12,6.137812700596813e-18,0.7981772158216645,11.167675651624592,0.03737968389174815
w8c9c8db,DepthFirst,4,153.7984984727832,56.89149017822956,5.456603395092057e-16,2.999999999999997,2.2499169007121207,2.465816199488557e-13,2.8652477663570294e-16,0.38295414396336375,8.514364071480815,0.03389710432612126
w8c9c8db,DepthFirst,5,159.13514965846687,47.56640473902337,1.0770813349957948e-13,2.9999999999999996,2.9025258437355403,1.5106505554821061e-18,0.00743049485053992,0.9251737841948243,10.250650139620832,0.0711429270355927
w8d47bcc,DepthFirst,1,136.71294110050732,33.43199116560476,1.4944428344291466e-13,2.9999999999999996,1.239545343279025,3.0364345772003727e-19,5.975780918958387e-23,0.08259805553038531,5.643832809962233,0.0010000000000000132
w8d47bcc,DepthFirst,2,135.1147189179397,35.02520343425985,3.743712149286405e-18,2.9999999999999996,0.8487543487987774,4.638892606841579e-13,8.988812004873391e-18,0.106278360683134,8.487545891179634,0.0010000000000002218
w8d47bcc,DepthFirst,3,138.00878789704765,32.13024333065573,9.419193783230157e-14,2.9999999999999996,1.2694430723565637,1.7464485423641243e-16,6.512929354379397e-21,0.11106823938771547,5.744471541790798,0.001000000000001086
w8d47bcc,DepthFirst,4,134.24142645290164,35.885484143944495,1.2043754419929764e-7,2.9999999999999996,1.2674849701620692,6.0547462177884355e-15,1.53805350956558e-70,0.08935232645752027,5.54745128392184,0.0010000000000000015
w8d47bcc,DepthFirst,5,136.28450596867313,33.837556263269654,8.984581891963962e-18,2.9999999999999996,1.3317953354679952,0.9793944339014098,2.591950706926102e-34,0.10987095783467482,5.341696256605188,0.0010000000000000002
w8e9d208,DepthFirst,1,236.5421592396176,65.17729526231452,3.9999999999999996,2.646379685974564,0.18744305319941712,8.919125956451486,6.740782822759911e-22,0.19020544736450828,0.5042818438835044,0.0010000000000055247
w8e9d208,DepthFirst,2,251.95819824977653,49.79296059293003,3.999999999998922,2.27504183272299,0.21565539272455922,6.221713880647516e-12,4.010352392630253e-19,0.07743613083357416,6.1662685601746965,0.0010000000000000002
w8e9d208,DepthFirst,3,242.62963952407569,58.40697957545562,3.9999999999999645,2.0302945986177843,0.17168955310652625,9.000591069626313e-18,5.775327420903987e-20,0.09620318870040025,6.8374368962761,0.0010000000000000002
w8e9d208,DepthFirst,4,228.16336238528862,73.27354670384702,3.9999999999984395,2.626899021039011,0.16804955960897827,4.2637648689729426e-11,3.295650920736671e-17,0.1288590152362914,1.2952125419720955,0.0010000000000000002
w8e9d208,DepthFirst,5,242.26428682838002,58.82849301792353,3.99999999999998,2.630955581214142,0.17729616684619784,3.3422951947476627e-15,5.0370153957992486e-23,0.12286945078702739,2.207085103612712,0.0010000000000000718
w8eb3fba,DepthFirst,1,180.97261690641915,39.904725184970765,8.89002063973388e-25,0.23779606163072073,0.32898128190403686,1.0397884443974241e-14,1.625173934989421e-24,0.20562273678847812,17.0549599344587,0.0010000000000000002
w8eb3fba,DepthFirst,2,173.029394070667,43.15587463462149,1.685900054843446e-12,2.3841034912421666,0.332443359713323,29.999999999999996,0.034879130754122356,0.3563340066786068,4.4104699522815585,0.054256872492114826
w8eb3fba,DepthFirst,3,160.48706739375623,57.51870998829246,2.1628488512269355e-13,0.8923079569426785,0.23877511303797483,7.334215336456556e-13,0.05773450546711263,0.08784536983320985,21.300825768453244,0.0010000000000012401
w8eb3fba,DepthFirst,4,165.26555207857106,50.818543515761974,1.663925529413423e-18,2.9999999999999996,0.4758891400696459,3.5124165613962686,0.0372052917732048,0.4260874589200367,29.99999999999999,0.14251406717935194
w8eb3fba,DepthFirst,5,174.5684238931844,41.40568918570256,2.181909662101165,2.9999999999999996,0.3665255734741205,19.335343621095422,0.01648588093952416,0.41558432808504114,3.1831561509407597e-14,0.128312938747752
w97d2cbf,DepthFirst,1,216.95933741871383,47.63251451390888,8.455912478502854e-14,1.2507211779168264,0.30047747911477496,4.0971372744677224e-13,0.04761605142788038,0.02187356446865503,27.469942394256336,0.0010000000000038572
w97d2cbf,DepthFirst,2,216.63929896403025,48.739886480296306,0.22460628677209382,1.4545587845961245,0.23695533852987852,2.89683736354348e-12,0.02036430481325898,1.4265390448968524e-19,29.9999999999304,0.001000000000000008
w97d2cbf,DepthFirst,3,209.27270101950688,56.07165000506392,0.4946721747154813,1.1829170255084676,0.2536340901787487,1.272655531883002e-15,0.03665931668761747,0.08331186386689994,29.99999999999961,0.0010000000000000115
w97d2cbf,DepthFirst,4,209.13086666258306,57.14326990467424,0.15706492722118068,2.007682788423664,0.35330612051975313,2.074896845233353e-13,0.04936277869201526,1.8303563335585096e-15,29.999999999999996,0.0010000000000000616
w97d2cbf,DepthFirst,5,199.36264601992036,65.70334395752941,3.999999999993546,1.8287593808242175,0.23166604313129505,2.040526426330419e-17,0.05431018958026631,0.02862508641251633,4.281931196941552,0.0010000000000000002
w9dae565,DepthFirst,1,249.64600960009008,72.88512701034276,1.249895645556121,2.9999999999999996,0.278333545741318,2.2270702869421424e-29,1.1604060997261887e-41,0.008628104887599452,29.999737108900284,0.0010000000000000002
w9dae565,DepthFirst,2,248.87001960294734,74.23606045762357,3.9999999999999742,2.7321646298775875,0.2752242178988011,7.598112195495536e-15,4.3490260191271253e-23,0.11224931129881009,5.635104004092887,0.0010000000000000076
w9dae565,DepthFirst,3,256.2006205618701,65.41552774372852,3.581108703015803,2.9999999999999996,0.24090874009149263,1.1556523349265567e-59,3.7926156270056023e-22,0.10458022234037148,9.664573806753713,0.0010000000000000018
w9dae565,DepthFirst,4,262.72062255409514,58.6708733805455,3.9999999999999996,2.9999999999999996,0.2565522375887718,1.757139404612141e-13,8.88389686183347e-19,0.07632347723017924,3.104468179121112,0.0010000000000000484
w9dae565,DepthFirst,5,266.06450035999376,55.526727353086564,3.9999999999999307,2.999999999999992,0.21617241194142608,4.733686816194661e-13,1.235480491700968e-22,0.09449814926732246,2.1256466843012207,0.0010000000000000007
wa2a15d0,DepthFirst,1,217.86512328612986,56.34457393711755,3.5483219879624635,2.9999999999999996,0.20396014874557256,1.8965163948695963e-17,8.67010309904768e-19,0.1385345198007275,3.114955782791518e-13,0.0010000000000000002
wa2a15d0,DepthFirst,2,211.2369075717491,62.85885210073962,3.684101958233161,2.9999999999999996,0.15056535774814436,7.429546622319969e-23,3.0372685282355166e-18,0.1958016799370395,7.739738553332775e-22,0.0010000000000000002
wa2a15d0,DepthFirst,3,226.23515006151646,47.91632649760028,3.5336428269755857,2.9999999999999987,0.16728721443364503,9.760342234941317e-13,1.332644824691475e-16,0.14267984305322112,5.8715067623112785e-18,0.0010000000000000007
wa2a15d0,DepthFirst,4,220.80984695210165,55.361728776607514,3.9999999999999996,2.9999999999999996,0.15844468840578477,1.6784957210177445,0.002796413165700129,0.3069037176237827,2.858093820463364e-15,0.0285860497815328
wa2a15d0,DepthFirst,5,218.13158795886096,55.848124580601876,3.4690890539602774,2.9999999999999925,0.1602638738243406,2.054862527799182e-12,8.287410407898806e-17,0.1461491850396954,1.0011403569397799e-14,0.0010000000000000002
wa84db29,DepthFirst,1,165.32028742756063,59.604322074371844,4.288982643772523e-18,1.2933426755441683e-20,0.6267274034868675,1.182544329995419e-15,0.053997115684336607,2.7461523276871934e-20,9.109503342661652,0.0010000000000000002
wa84db29,DepthFirst,2,200.13462817896277,23.133937575683323,1.5065518865025372e-13,2.6245832064618823e-13,0.4031392251627135,8.083309460461452e-12,0.0334466857626694,0.018553796733620172,11.435464343765672,0.0010000000000001898
wa84db29,DepthFirst,3,179.23385336414927,43.906531645866025,2.236636954870278e-13,0.6620478108620848,0.9325097588888263,8.219595792390201e-12,0.07359341448252754,6.252253979321397e-16,9.335799357590732,0.14155822586610578
wa84db29,DepthFirst,4,176.49461355334589,47.27197978319859,1.5151663081721371e-21,0.4661104010282014,2.0047282339205603,3.641374702007912e-17,0.06223656037869003,0.11773843714467346,9.484123960240614,0.13397332950763424
wa84db29,DepthFirst,5,162.91633126377832,61.780768462039845,9.796820823036247e-16,6.286362236151194e-16,0.37547450859421294,4.843042646077957e-12,0.06161074447960807,0.10058149595885205,15.115296027061582,0.0010000000000000002
waf11118,DepthFirst,1,183.81003393710168,33.88621929565771,1.84542827681604e-18,2.9999999999999996,2.9593523330133795,2.131769449500989e-12,0.029880182359528794,0.5558078766463552,13.729266478498502,0.061314463576519894
waf11118,DepthFirst,2,182.39108368326137,35.45935066464234,3.449923871779047e-14,1.5597287369157393,0.5179018377675412,3.45713462622191e-21,0.031161333771072733,0.09213647757601467,18.389413723844164,0.0010000000000000002
waf11118,DepthFirst,3,164.8357346384859,59.94787189223606,2.4979956078133675e-15,2.8044911990148216,2.5506247114476266,2.036816597317225e-18,0.03825281126526296,0.10317941622750769,11.14772501835834,0.06642123656038372
waf11118,DepthFirst,4,173.27673807517507,51.008282821099804,3.131012214766879e-12,2.9160069779040128,2.427202472655827,6.327133816668278e-13,0.017984831726877305,0.35039766345317697,13.649265820167034,0.001000000000000147
waf11118,DepthFirst,5,158.9513368920743,59.88257720699606,8.328887039337304e-13,2.0806060545810605,0.5106460686002566,2.1907061171184388e-12,0.04860441354920593,0.1550841683147524,21.336559590187335,0.0010000000000000009
wb118747,DepthFirst,1,210.17389940455166,45.934675301782114,9.334471384156701e-14,1.4211878871686585,0.3942898385042031,4.696721905062774e-13,7.141248172576727e-17,0.14744580217280395,21.526019476001018,0.0010000000000013308
wb118747,DepthFirst,2,200.93016516046598,54.548926956362145,0.14042970680028757,2.297175256008381,0.352164059739662,6.358052582155692e-13,4.07744967337144e-19,0.21539037383990653,29.999999999999996,0.0010000000000000002
wb118747,DepthFirst,3,206.4378682704283,49.04423530053637,3.753029637849063,2.9999999999999996,0.3248821533362131,1.7611534970400852e-64,1.9762446967871634e-22,0.2196740721395222,1.9927544498552423,0.0010000000000000002
wb118747,DepthFirst,4,208.50502027297878,46.96476824876575,1.684281556932882,2.5390283058538436,0.3859435710738299,9.098763018462666,5.141878835330317e-25,0.19307826914906123,14.246532971393616,0.0010000000000000002
wb118747,DepthFirst,5,193.08323930965,62.720945693428845,2.218845727106628e-22,1.9666177212701945,0.4329854958043619,2.3239201303180057e-16,2.8704376877069594e-54,0.1651492896796292,23.279710065726334,0.0010000000000000002
wb16d184,DepthFirst,1,171.59385248136138,58.62363185998663,3.9999999999999996,2.421811425831458,0.2960303617807558,7.528348522309487e-14,0.08949527997846506,0.29187619368074014,11.628589019402243,0.001000000000000028
wb16d184,DepthFirst,2,179.45085363523205,51.03210285130646,9.260578482311332e-14,1.838702449432119,0.39169991792528874,1.0849990769951683e-18,0.06389878574749239,0.0862046803892001,26.446875778952716,0.0010000000000000332
wb16d184,DepthFirst,3,192.55056434686793,36.97240437932564,3.9999999999999996,2.7532078364989117,0.3427992020479344,8.776693991695088e-16,0.06729492207260565,0.2684776964173773,7.983771702044283,0.0010000000000000002
wb16d184,DepthFirst,4,191.619148353631,37.859978455646605,3.9999999999999996,2.303488052887894,0.28094791076635056,9.230293283884351e-17,0.07394966965131314,0.21618600480561312,8.287794613741191,0.0010000000000000002
wb16d184,DepthFirst,5,179.80950467059466,49.956738909609165,0.6542830699776715,2.503914143336065,0.3829556798547359,4.935172210637714e-11,0.07408258214764692,0.24232020228813186,29.99999999993485,0.001000000000000076
wb277461,DepthFirst,1,175.9981162194685,36.6154129086932,2.7575228997240512e-14,1.076330399705293,0.7885363651712882,8.569411562742255e-13,0.04408539875240909,0.3424342970062384,16.265875261520666,0.0010000000000000002
wb277461,DepthFirst,2,157.85849913550885,57.531463855125494,1.4148237005871932e-26,1.4014671002305668,2.763987345457398,8.602989723170074e-82,0.044573920336250294,1.2268315543508723,15.019486246302266,0.0010000000000000002
wb277461,DepthFirst,3,163.83120193472323,50.53299748690716,1.0106756389463052e-22,2.229011449184796,0.8349483367333211,2.2356728821474443e-22,0.025358051919268446,0.2412596702996839,16.580656319922134,0.0010000000000000002
wb277461,DepthFirst,4,167.87250311783438,45.89014761244495,1.1654168047047172e-19,0.0007956301467653712,0.8056020677783043,5.461679684914723e-13,0.06006993458866787,0.2950764763244721,13.03454591981289,0.0010000000000000002
wb277461,DepthFirst,5,179.95037597553346,34.16015402972124,3.565725245860034e-20,2.9999999999999996,0.7538626046853277,8.217149228665095,0.035316194825045014,0.4993548843386636,17.610549153053363,0.0010000000000000002
wb6b351e,DepthFirst,1,238.14440882727598,58.83037151510728,3.999999999999948,2.6611211667949015,0.21893051692020202,5.173663104577134e-12,7.966074004197779e-17,0.13806655201969442,6.079180003842734,0.001000000000000163
wb6b351e,DepthFirst,2,232.37740300894785,64.97746196340994,3.9999999999999996,1.8977344008971728,0.23510390611071813,1.3189957212640103e-21,0.00819375095983869,0.08477644093454119,9.76611074064675,0.0010000000000000599
wb6b351e,DepthFirst,3,224.62650922774495,72.35124801157653,3.9999999999999996,2.50258600762098,0.3249932806798067,2.0014630983550817e-15,1.1868987329344836e-16,0.09955296278978981,8.586569935156753,0.001000000000003085
wb6b351e,DepthFirst,4,246.345445829214,51.4390933158706,3.9999999999999987,2.999999999999977,0.30730100713951886,3.351022043936428e-14,1.760306318053034e-16,0.09141154811536145,6.12482409048803,0.0010000000000000115
wb6b351e,DepthFirst,5,238.8359595087065,66.98058314209558,5.037922626408998e-23,1.6680226653758299,0.3221517795959923,10.708812728721284,1.4875272203032153e-47,0.24534709341777783,29.999999999999996,0.0010000000000000002
wb6f421e,DepthFirst,1,242.67772554085653,59.74941124450275,1.311556566855676e-11,1.0855311531564127,0.1523121848305359,29.9999999999799,0.008408298226058656,0.20312977006852947,20.102048417740107,0.0010000000000008323
wb6f421e,DepthFirst,2,218.20700463716796,86.04537756616865,1.7391242381696883,1.2650258883885537,0.11348386896449575,29.999999999999662,0.024375732186978,0.2277650116400091,8.163403428893621e-11,0.0010000000000059844
wb6f421e,DepthFirst,3,250.71987910519783,51.25046434730361,2.5629656686893614,1.0267349281771396,0.12919738777849396,29.999999999999204,2.6758129995015496e-17,0.18299637443071176,1.729148993348528e-11,0.0010000000000045344
wb6f421e,DepthFirst,4,244.8026560830419,57.94568365399738,2.4518511560802176,1.56540976892839,0.18212505402568085,29.99999999998323,3.5083652386740383e-22,0.21528796184757532,8.412209041442145e-13,0.001000000000000001
wb6f421e,DepthFirst,5,248.40350519184824,53.552016249736084,3.152239972075766e-13,0.9650791012396153,0.15635300632892143,29.999999999998415,1.0635657132661774e-21,0.18587456359436655,18.965775838823713,0.001000000000000272
wb7d56ca,DepthFirst,1,0.7900433025309296,0.19751082563273245,2.7727607187200833e-17,2.9999999999999996,1.897737043292231e-15,1.9493372425941545e-14,6.016792832286922e-19,1.897231891166465e-15,1.9359907582279748e-14,0.0010000000000000046
wb7d56ca,DepthFirst,2,0.7900433025309296,0.19751082563273245,2.7727607187200833e-17,2.9999999999999996,1.897737043292231e-15,1.9493372425941545e-14,6.016792832286922e-19,1.897231891166465e-15,1.9359907582279748e-14,0.0010000000000000046
wb7d56ca,DepthFirst,3,0.7900433025309296,0.19751082563273245,2.7727607187200833e-17,2.9999999999999996,1.897737043292231e-15,1.9493372425941545e-14,6.016792832286922e-19,1.897231891166465e-15,1.9359907582279748e-14,0.0010000000000000046
wb7d56ca,DepthFirst,4,0.7900433025309296,0.19751082563273245,2.7727607187200833e-17,2.9999999999999996,1.897737043292231e-15,1.9493372425941545e-14,6.016792832286922e-19,1.897231891166465e-15,1.9359907582279748e-14,0.0010000000000000046
wb7d56ca,DepthFirst,5,0.7900433025309296,0.19751082563273245,2.7727607187200833e-17,2.9999999999999996,1.897737043292231e-15,1.9493372425941545e-14,6.016792832286922e-19,1.897231891166465e-15,1.9359907582279748e-14,0.0010000000000000046
wbb29510,DepthFirst,1,106.32140867192165,18.851627281409968,0.5976829583555889,2.9999999999999996,0.5133526455171885,4.831849752578323,1.0787790200653163e-36,0.22919172654939576,4.552310031231947,0.0010000000000000002
wbb29510,DepthFirst,2,97.75573686416358,27.34661088004684,1.461722668486582e-13,2.9999999999999987,0.734987748839375,1.2046682234877115e-13,3.1173578570199044e-16,0.24947761112812197,7.34987353330499,0.0010000000000000258
wbb29510,DepthFirst,3,97.61387928739802,28.55901810053066,8.62763881036335e-15,7.364045158124767e-14,0.4466654119300124,1.9490882511642946e-15,0.008145490479389174,0.2186058258316815,4.466658901252654,0.0010000000000001002
wbb29510,DepthFirst,4,103.75359169640649,22.14062067936018,1.9982415192374223,2.9999999999996714,3.2800279369700783e-14,7.347492513385224e-13,5.843054404704854e-18,0.3268257471652618,1.0656250503228886e-13,0.0010000000000000002
wbb29510,DepthFirst,5,93.49895199941132,31.80266701658044,1.7865371332663023,2.9999999999999996,2.7870582654237444e-16,3.0945919535824153e-18,1.693298686543128e-17,0.2888790803191962,9.91574946015969e-16,0.0010000000000000002
wc85483e,DepthFirst,1,207.25091652054033,59.775813282870864,3.822928877709919,2.9999999999999996,0.19777750817177447,2.3942832576212674e-19,2.4665875366706668e-18,0.1924846911283557,7.31452510053707e-13,0.0010000000000000156
wc85483e,DepthFirst,2,223.15881689578188,42.58759988235449,3.9999999999998317,1.8322568217118849,0.16176688659786168,2.1191519120946898e-12,2.411532380560635e-22,0.13398286699304318,6.441362106099583,0.0010000000000000009
wc85483e,DepthFirst,3,198.72047937736946,67.24090855947183,3.9999999999854854,1.869288279453066,0.153570055795815,8.410660127963741,1.3971483635910423e-15,0.15883362088979522,2.278255219291613e-10,0.0010000000000000002
wc85483e,DepthFirst,4,211.49508055677754,54.23903889296637,3.9999999999831344,1.6775158465198428,0.19419928236245976,1.2025278727871672e-12,8.656002387997388e-17,0.1274305689182428,7.748758506681879,0.0010000000000000002
wc85483e,DepthFirst,5,219.50679741286496,46.792368031347536,1.1947014432627454,1.1919378509197638,0.19956538470358862,2.460835143967027e-12,1.7811869320044711e-16,0.13169117123613958,29.99999999999731,0.0010000000000001035
wc9e7250,DepthFirst,1,187.15290934146222,50.46478865389236,3.855910562256294e-125,2.102371376407359,0.3387918899716088,29.966926143626743,0.024153522354355333,0.34558633231573727,7.310224746070752,0.0010000000000000002
wc9e7250,DepthFirst,2,198.8323418527056,38.5586151805017,3.0033907486357257e-12,1.370001134794522,0.3363944284355157,2.1447473873535476,0.030972008493959292,0.2529808795454414,29.99999999995593,0.001000000000000005
wc9e7250,DepthFirst,3,201.2981589739357,35.95938234424294,4.367238876262526e-13,1.7513993031975421,0.3471631802625316,4.42669703221233,0.023181770792117088,0.2701743399058001,29.999999999999996,0.001000000000002304
wc9e7250,DepthFirst,4,188.3865425880171,50.420380257298795,7.040304008134556e-14,0.47517389277101557,0.4166368294594586,1.9087952972924785e-15,0.007285690606382543,0.260900071768686,23.76365899148331,0.0010000000000000427
wc9e7250,DepthFirst,5,170.18126141254737,67.47622761598146,1.2440942776913931e-18,1.688195706301081,0.4591188689118031,2.3016116277224356e-14,0.03088260653930361,0.3259457680392917,28.798892086446113,0.0010000000000000009
wcf2758c,DepthFirst,1,168.7728187530453,37.74955157074761,5.589395287174371e-17,3.1546326830497643e-21,0.381347666534806,2.6266969653998807e-13,0.024867324618509372,0.3157436232056395,21.516991267131356,0.0010000000000000002
wcf2758c,DepthFirst,2,148.7006237094073,59.171019069856115,8.513448833307309e-14,8.102352648133587e-15,0.49780621857206947,4.353347992556921e-14,0.04942674323073639,0.44691275304666683,22.542049018203368,0.0010000000000000002
wcf2758c,DepthFirst,3,169.69247402489748,37.05479566794478,1.3952165705845211e-16,0.10317041085424407,0.3477290674930347,3.282856956421605e-11,0.021318782004375713,0.32674439128491406,23.708273488287492,0.001000000000000182
wcf2758c,DepthFirst,4,168.94727728597863,37.61519457643135,1.3880883460139875e-18,1.3306980805527753e-23,0.36688270239768517,2.5220541311398982e-14,0.030752884920216758,0.3161097537855715,22.034375738137836,0.0010000000000000122
wcf2758c,DepthFirst,5,167.59967847511217,40.565847160171096,9.878982179417727e-13,0.4375320912811551,0.503156286987134,4.08796982309507e-12,0.01328437926299278,0.35063807228297456,21.278654174130512,0.0010000000000003743
wdd4ef06,DepthFirst,1,217.81546292223737,54.446822100352,3.571305237130919,2.9999999999999933,0.1416484964311299,4.6446646818926267e-20,3.7563502265625666e-19,0.16825949115181676,6.079543373962249e-16,0.00100000000000002
wdd4ef06,DepthFirst,2,215.99146914838354,57.29011230875364,3.5916048205178015,2.9999999999999996,0.11664778608392866,8.517340030025692e-23,0.016162348004395855,0.18226200427889033,2.439533353230317e-13,0.0010000000000000002
wdd4ef06,DepthFirst,3,216.3654546958967,55.69641563880183,3.4905658744186634,2.9999999999999996,0.10170832745635716,1.1050297772824796e-12,2.8871533934682565e-17,0.18004402419201804,4.58385965468547e-18,0.0010000000000000187
wdd4ef06,DepthFirst,4,212.17176673462603,60.190711463932814,3.4415024231342644,2.9999999999999996,0.10976633435464858,9.334829099568842e-18,0.0018690583476554522,0.15841191354554665,4.754177139304866e-16,0.0010000000000000002
wdd4ef06,DepthFirst,5,224.3995417646277,48.16884220895754,1.0153229836891668,2.9999999999999996,0.10326540044511406,21.79953517716766,3.632035003632796e-39,0.19953092654213492,29.999999853879544,0.0010000000000000002
wddb78b9,DepthFirst,1,226.36260292486443,43.790303106552386,3.9999999999999996,1.869830004295678,0.11841235966482676,3.482834214861185,0.02134302383497022,0.18972130724067393,5.6429596030353893e-14,0.0010000000000000024
wddb78b9,DepthFirst,2,209.12192931849293,61.13811883350589,3.9999999999999996,1.9141934579916502,0.1363422311982159,3.0496303781233522,0.008158183370687196,0.18529104629982696,1.651214182544982e-12,0.0010000000000000018
wddb78b9,DepthFirst,3,216.9565888906994,53.507444703276605,3.9999999999982907,2.1531829191248355,0.09620091716492775,0.9549973452054489,0.027288443805598802,0.22221592747365498,2.4276856066728198e-11,0.0010000000000006347
wddb78b9,DepthFirst,4,211.1753925832268,60.93830720716468,0.03734871421261464,1.95274047380093,0.1556156710586729,29.999999999999996,0.017010896548214884,0.32804055225269646,1.4601004550383654e-14,0.0010000000000000002
wddb78b9,DepthFirst,5,212.53358007285593,58.42579906416395,3.509147779351668,2.999999999999988,0.0809321388678239,4.216821413519324e-11,0.008236560847125119,0.27978587829102347,7.895206652505872e-13,0.0010000000000041434
wdf3a36e,DepthFirst,1,0.7900433025309296,0.19751082563273245,2.7727607187200833e-17,2.9999999999999996,1.897737043292231e-15,1.9493372425941545e-14,6.016792832286922e-19,1.897231891166465e-15,1.9359907582279748e-14,0.0010000000000000046
wdf3a36e,DepthFirst,2,0.7900433025309296,0.19751082563273245,2.7727607187200833e-17,2.9999999999999996,1.897737043292231e-15,1.9493372425941545e-14,6.016792832286922e-19,1.897231891166465e-15,1.9359907582279748e-14,0.0010000000000000046
wdf3a36e,DepthFirst,3,0.7900433025309296,0.19751082563273245,2.7727607187200833e-17,2.9999999999999996,1.897737043292231e-15,1.9493372425941545e-14,6.016792832286922e-19,1.897231891166465e-15,1.9359907582279748e-14,0.0010000000000000046
wdf3a36e,DepthFirst,4,0.7900433025309296,0.19751082563273245,2.7727607187200833e-17,2.9999999999999996,1.897737043292231e-15,1.9493372425941545e-14,6.016792832286922e-19,1.897231891166465e-15,1.9359907582279748e-14,0.0010000000000000046
wdf3a36e,DepthFirst,5,0.7900433025309296,0.19751082563273245,2.7727607187200833e-17,2.9999999999999996,1.897737043292231e-15,1.9493372425941545e-14,6.016792832286922e-19,1.897231891166465e-15,1.9359907582279748e-14,0.0010000000000000046
we95fcde,DepthFirst,1,214.54698097429895,63.861691751081665,3.7955940992362227,2.9999999999999996,0.3057717614825104,2.3563208302239967e-13,7.009463250230313e-18,0.11410784786717489,2.9377627598986e-17,0.0010000000000000488
we95fcde,DepthFirst,2,232.63664894565395,45.68716561071618,3.776421312173546,2.9999999999999996,0.26514736874519496,1.3769144701814468e-11,9.35178563335397e-18,0.12560619527105615,1.296108255742953e-10,0.001000000000002839
we95fcde,DepthFirst,3,224.949021687226,53.9674783283664,3.9735276448389008,2.9999999999999996,0.3490288363079445,1.8616717463072505e-21,1.3280733620378269e-20,0.08809856354697798,3.779053449916746e-9,0.0010000000000000002
we95fcde,DepthFirst,4,213.76886749821412,65.77247156505985,3.999999999995648,2.9999999999999987,0.2753538855462359,1.2230251121927077e-13,9.936160395227419e-23,0.21948284196304296,1.6577920556679477,0.0010000000000007713
we95fcde,DepthFirst,5,225.53269000702088,52.71051333682574,3.8921558260369937,2.9999999999999996,0.29114613326070715,6.804993573977992e-22,1.0775110798524767e-21,0.1315548005822527,1.1532400344883651e-17,0.0010000000000000482
wf25d2c2,DepthFirst,1,251.49584028348232,56.69234518313862,3.0168798817862448,1.1976917565375016,0.14167505465485392,29.99999999998477,0.0022650529772622837,0.19034826614522132,1.0629893601576047e-11,0.04609346716835325
wf25d2c2,DepthFirst,2,229.31802834487576,82.18785631944947,3.5613398572026184e-15,1.285282183031401,0.29638138016014925,6.2259468952629034e-12,0.018302194985398253,4.228120634334496e-15,28.773423149469657,0.04340617245754295
wf25d2c2,DepthFirst,3,259.5738161789505,48.68895525142416,3.0406152699254423,1.0399715620410659,0.16145202424942542,2.772034168613218e-12,0.001270976705300096,0.1081660679773573,29.999999999979735,0.0010000000000000005
wf25d2c2,DepthFirst,4,244.3574132978746,62.86744290923837,2.5769185380863924,0.6380659838639077,0.188622963666554,1.824952462698169e-11,0.008186491582739916,0.07674770517088889,29.999999999999996,0.03719614979911065
wf25d2c2,DepthFirst,5,238.8631208189142,68.41705963986921,5.041585771009422e-17,0.4267490993541952,0.15727318285278444,16.929129593205797,0.00941556147409825,0.06150984893214269,29.999999999999996,0.030774491688694065
wf4961b6,DepthFirst,1,213.1097795457148,68.29310728465525,3.9999999999951523,2.9999999999999996,0.34890940992416425,7.374230269029248,0.03991075456856451,0.37673476847468174,3.513393900053306e-11,0.034605979536478225
wf4961b6,DepthFirst,2,217.9480271268436,59.39722740389274,3.101429023761892e-13,1.7408528411992021,0.3090075212942176,2.1260550183655335e-11,0.018223906893673775,0.11839719264659432,27.54093869323594,0.0010000000000000002
wf4961b6,DepthFirst,3,221.5090110516146,57.902791141229436,7.450320446588468e-14,2.2395085973867173,0.48372737742007826,3.0784494410502075e-14,0.0005517775463198502,0.15302066301894843,23.703766879399137,0.001000000000000209
wf4961b6,DepthFirst,4,228.99316469625055,48.75857534442232,3.2731716890093264e-16,1.7554054570529505,0.2914287055138797,2.0890493374494385e-12,9.731564459865721e-17,0.11525105411233869,29.189160321820843,0.001000000000000592
wf4961b6,DepthFirst,5,221.76846595105087,55.89207207678823,2.821517663917146e-14,2.2538992240676734,0.3241604853039122,1.687432570848805e-15,0.011690727060363983,0.10905968083535375,29.504510033683,0.0010000000000000677
wf67f532,DepthFirst,1,144.36092821206097,33.13127039784257,2.3792628810990686,2.951388264351801,0.38628350215869955,8.703409622504518e-21,0.013896350217818612,0.14475988575848184,6.9593260810683e-13,0.0010000000000000002
wf67f532,DepthFirst,2,135.85986914528493,46.10329469083925,4.701428599675421e-16,2.9999999999999996,0.7630187768391326,3.195143883091867e-16,0.006301317432293103,0.03164298658338411,8.279244941022249,0.0010000000000000002
wf67f532,DepthFirst,3,139.56250564373693,38.137845758141886,2.342424103429628,2.9999999999999996,0.37656521500903767,4.758757464261242e-13,0.021593944589886487,0.146709961232844,4.782673607720168e-10,0.0010000000000000002
wf67f532,DepthFirst,4,148.03465574249,29.823855670043454,3.340056372803056e-14,2.738832988437824,0.36889106332223504,3.7835801512197027e-13,1.4085340316377872e-16,0.13886201568357412,17.326577118163932,0.0010000000000000896
wf67f532,DepthFirst,5,138.27361312268866,39.7909539685676,2.4395424066826523,2.9999999999999996,0.3299928095455174,1.6411358543974728e-21,0.01900265211831351,0.1658745530511198,2.6590385279078803e-8,0.0010000000000000002
wfa3ed63,DepthFirst,1,168.28910936545998,41.21132541078935,3.550041275982525e-19,1.024238407973736,0.3782790981711192,1.2309533552259717e-17,0.009878042752714988,0.18804255522932878,18.781584704054616,0.0010000000000000002
wfa3ed63,DepthFirst,2,163.38732719652901,46.513469883160354,1.938770061244293e-15,1.6234874314645498,0.5256059975794338,3.1749584165955563e-17,0.006134050815079909,0.25365688565035804,17.482496903168677,0.0010000000000000002
wfa3ed63,DepthFirst,3,170.85977186570867,38.80120636868579,1.0418176251571534e-12,1.4064380679432547,0.40175003420396677,4.395768441691295e-13,1.1556459902717558e-14,0.2567328758071071,20.85651322536531,0.0010000000000000002
wfa3ed63,DepthFirst,4,159.3764187790734,52.23839497938779,1.1521407051334776e-14,2.9398696277702325,2.99999999999998,3.9890078714383937e-13,0.029450048583034533,1.0666350123792678,14.052193115298161,0.07267269875165147
wfa3ed63,DepthFirst,5,171.45961727326215,37.809210621089456,2.654601236722493e-13,1.2186492079849418,0.38967858884716206,2.1382959839215633e-12,0.009783891305573828,0.2086692398279802,19.203307894624572,0.001000000000000522
