model,factor,mult,threshold,reward,clicks
BestFirst,1//2,1,0.0,2.07508,0.92494
BestFirst,1//2,1,1.0,6.69717,4.40492
BestFirst,1//2,1,2.0,6.98695,5.07699
BestFirst,1//2,1,3.0,7.18428,5.58822
BestFirst,1//2,1,4.0,7.41558,5.92657
BestFirst,1//2,1,5.0,7.60469,6.35822
BestFirst,1//2,1,6.0,7.83215,6.82082
BestFirst,1//2,1,7.0,7.93999,7.34474
BestFirst,1//2,1,8.0,8.11065,8.08812
BestFirst,1//2,1,9.0,8.21639,8.8736
BestFirst,1//2,1,10.0,8.29804,9.52428
BestFirst,1//2,1,11.0,8.31406,10.23647
BestFirst,1//2,1,12.0,8.31124,11.01004
BestFirst,1//2,1,13.0,8.38333,11.69703
BestFirst,1//2,1,14.0,8.32737,12.40632
BestFirst,1//2,1,15.0,8.35233,13.06524
BestFirst,1//2,1,16.0,8.35381,13.53635
BestFirst,1//2,1,17.0,8.37048,13.99206
BestFirst,1//2,1,18.0,8.35791,14.42257
BestFirst,1//2,1,19.0,8.3572,14.80303
BestFirst,1//2,1,20.0,8.33795,15.11797
BestFirst,1//2,1,21.0,8.34514,15.39514
BestFirst,1//2,1,22.0,8.34543,15.62181
BestFirst,1//2,1,23.0,8.36658,15.81526
BestFirst,1//2,1,24.0,8.35916,15.88337
BestFirst,1//2,1,25.0,8.34964,15.94253
BestFirst,1//2,1,26.0,8.36395,15.97576
BestFirst,1//2,1,27.0,8.34602,16.0
BestFirst,1//2,1,28.0,8.35424,16.0
DepthFirst,1//2,1,0.0,1.58702,0.92771
DepthFirst,1//2,1,1.0,6.22598,6.42752
DepthFirst,1//2,1,2.0,6.76276,7.39688
DepthFirst,1//2,1,3.0,7.18994,8.31092
DepthFirst,1//2,1,4.0,7.39012,8.71478
DepthFirst,1//2,1,5.0,7.60363,9.19217
DepthFirst,1//2,1,6.0,7.81685,9.7553
DepthFirst,1//2,1,7.0,7.96344,10.27617
DepthFirst,1//2,1,8.0,8.11833,11.04417
DepthFirst,1//2,1,9.0,8.2462,11.9114
DepthFirst,1//2,1,10.0,8.27972,12.49534
DepthFirst,1//2,1,11.0,8.32848,13.09782
DepthFirst,1//2,1,12.0,8.35416,13.70414
DepthFirst,1//2,1,13.0,8.34035,14.2773
DepthFirst,1//2,1,14.0,8.35488,14.77738
DepthFirst,1//2,1,15.0,8.35036,15.27333
DepthFirst,1//2,1,16.0,8.35053,15.39535
DepthFirst,1//2,1,17.0,8.34074,15.50819
DepthFirst,1//2,1,18.0,8.36159,15.61111
DepthFirst,1//2,1,19.0,8.35647,15.70601
DepthFirst,1//2,1,20.0,8.35072,15.78086
DepthFirst,1//2,1,21.0,8.344,15.85027
DepthFirst,1//2,1,22.0,8.35418,15.90942
DepthFirst,1//2,1,23.0,8.33567,15.95358
DepthFirst,1//2,1,24.0,8.34633,15.97133
DepthFirst,1//2,1,25.0,8.35567,15.98633
DepthFirst,1//2,1,26.0,8.32808,15.99392
DepthFirst,1//2,1,27.0,8.35909,16.0
DepthFirst,1//2,1,28.0,8.32934,16.0
BreadthFirst,1//2,1,0.0,2.10739,0.99495
BreadthFirst,1//2,1,1.0,8.22761,11.46783
BreadthFirst,1//2,1,2.0,8.35094,13.05996
BreadthFirst,1//2,1,3.0,8.32817,14.3376
BreadthFirst,1//2,1,4.0,8.36655,14.48412
BreadthFirst,1//2,1,5.0,8.35697,14.63948
BreadthFirst,1//2,1,6.0,8.34994,14.78438
BreadthFirst,1//2,1,7.0,8.34599,14.92389
BreadthFirst,1//2,1,8.0,8.35397,15.05079
BreadthFirst,1//2,1,9.0,8.35383,15.19008
BreadthFirst,1//2,1,10.0,8.34662,15.26737
BreadthFirst,1//2,1,11.0,8.34273,15.37079
BreadthFirst,1//2,1,12.0,8.34079,15.45714
BreadthFirst,1//2,1,13.0,8.3742,15.54029
BreadthFirst,1//2,1,14.0,8.32135,15.61721
BreadthFirst,1//2,1,15.0,8.35188,15.67856
BreadthFirst,1//2,1,16.0,8.35539,15.74002
BreadthFirst,1//2,1,17.0,8.36404,15.79001
BreadthFirst,1//2,1,18.0,8.35281,15.83461
BreadthFirst,1//2,1,19.0,8.33301,15.87208
BreadthFirst,1//2,1,20.0,8.3325,15.90946
BreadthFirst,1//2,1,21.0,8.35081,15.93924
BreadthFirst,1//2,1,22.0,8.35123,15.95686
BreadthFirst,1//2,1,23.0,8.342,15.97183
BreadthFirst,1//2,1,24.0,8.34475,15.98319
BreadthFirst,1//2,1,25.0,8.34562,15.99271
BreadthFirst,1//2,1,26.0,8.37338,15.99678
BreadthFirst,1//2,1,27.0,8.36217,16.0
BreadthFirst,1//2,1,28.0,8.35593,16.0
BestFirst,1//3,1,0.0,4.50325,0.91973
BestFirst,1//3,1,1.0,13.04221,4.16247
BestFirst,1//3,1,2.0,13.1852,4.70338
BestFirst,1//3,1,3.0,13.35287,5.03665
BestFirst,1//3,1,4.0,13.51038,5.11668
BestFirst,1//3,1,5.0,13.98511,5.37766
BestFirst,1//3,1,6.0,14.28785,5.60148
BestFirst,1//3,1,7.0,14.35288,5.68582
BestFirst,1//3,1,8.0,14.65823,5.91201
BestFirst,1//3,1,9.0,14.83461,6.10416
BestFirst,1//3,1,10.0,14.92604,6.13344
BestFirst,1//3,1,11.0,15.01975,6.29708
BestFirst,1//3,1,12.0,15.18543,6.45776
BestFirst,1//3,1,13.0,15.28253,6.64942
BestFirst,1//3,1,14.0,15.60391,7.34049
BestFirst,1//3,1,15.0,15.91557,7.93131
BestFirst,1//3,1,16.0,15.97241,8.12135
BestFirst,1//3,1,17.0,16.15029,8.74518
BestFirst,1//3,1,18.0,16.31448,9.25229
BestFirst,1//3,1,19.0,16.26783,9.29912
BestFirst,1//3,1,20.0,16.34631,9.46851
BestFirst,1//3,1,21.0,16.3423,9.62347
BestFirst,1//3,1,22.0,16.36018,9.82702
BestFirst,1//3,1,23.0,16.32253,10.49175
BestFirst,1//3,1,24.0,16.35837,11.05851
BestFirst,1//3,1,25.0,16.37935,11.24258
BestFirst,1//3,1,26.0,16.35302,11.88735
BestFirst,1//3,1,27.0,16.40353,12.37163
BestFirst,1//3,1,28.0,16.36638,12.42543
BestFirst,1//3,1,29.0,16.40264,12.59907
BestFirst,1//3,1,30.0,16.39652,12.78209
BestFirst,1//3,1,31.0,16.38541,12.89266
BestFirst,1//3,1,32.0,16.43102,13.29829
BestFirst,1//3,1,33.0,16.39195,13.6219
BestFirst,1//3,1,34.0,16.39182,13.76761
BestFirst,1//3,1,35.0,16.35473,14.19706
BestFirst,1//3,1,36.0,16.39685,14.52689
BestFirst,1//3,1,37.0,16.38737,14.5574
BestFirst,1//3,1,38.0,16.38547,14.74578
BestFirst,1//3,1,39.0,16.40975,14.9199
BestFirst,1//3,1,40.0,16.37181,14.99991
BestFirst,1//3,1,41.0,16.39108,15.23139
BestFirst,1//3,1,42.0,16.364,15.42209
BestFirst,1//3,1,43.0,16.37428,15.47583
BestFirst,1//3,1,44.0,16.39419,15.65173
BestFirst,1//3,1,45.0,16.37093,15.78728
BestFirst,1//3,1,46.0,16.38631,15.80587
BestFirst,1//3,1,47.0,16.36191,15.87271
BestFirst,1//3,1,48.0,16.38339,15.93024
BestFirst,1//3,1,49.0,16.41341,15.94426
BestFirst,1//3,1,50.0,16.38048,15.97535
BestFirst,1//3,1,51.0,16.39971,16.0
BestFirst,1//3,1,52.0,16.40526,16.0
DepthFirst,1//3,1,0.0,3.50127,0.93251
DepthFirst,1//3,1,1.0,13.03372,6.63224
DepthFirst,1//3,1,2.0,13.23178,7.16714
DepthFirst,1//3,1,3.0,13.43198,7.48943
DepthFirst,1//3,1,4.0,13.47817,7.58636
DepthFirst,1//3,1,5.0,13.94624,7.87836
DepthFirst,1//3,1,6.0,14.30641,8.21028
DepthFirst,1//3,1,7.0,14.41199,8.25852
DepthFirst,1//3,1,8.0,14.64895,8.54569
DepthFirst,1//3,1,9.0,14.86059,8.78249
DepthFirst,1//3,1,10.0,14.93494,8.80136
DepthFirst,1//3,1,11.0,15.02276,8.95354
DepthFirst,1//3,1,12.0,15.13841,9.21281
DepthFirst,1//3,1,13.0,15.27273,9.36555
DepthFirst,1//3,1,14.0,15.61059,10.11261
DepthFirst,1//3,1,15.0,15.94871,10.94054
DepthFirst,1//3,1,16.0,15.95027,11.10335
DepthFirst,1//3,1,17.0,16.17306,11.81268
DepthFirst,1//3,1,18.0,16.34127,12.48098
DepthFirst,1//3,1,19.0,16.2709,12.51566
DepthFirst,1//3,1,20.0,16.30052,12.64049
DepthFirst,1//3,1,21.0,16.35416,12.77873
DepthFirst,1//3,1,22.0,16.31974,12.93685
DepthFirst,1//3,1,23.0,16.37387,13.47384
DepthFirst,1//3,1,24.0,16.36476,14.03715
DepthFirst,1//3,1,25.0,16.3738,14.1627
DepthFirst,1//3,1,26.0,16.41767,14.65125
DepthFirst,1//3,1,27.0,16.41217,15.09944
DepthFirst,1//3,1,28.0,16.33369,15.10267
DepthFirst,1//3,1,29.0,16.36592,15.1532
DepthFirst,1//3,1,30.0,16.36124,15.19745
DepthFirst,1//3,1,31.0,16.33908,15.23498
DepthFirst,1//3,1,32.0,16.34191,15.33336
DepthFirst,1//3,1,33.0,16.35249,15.40348
DepthFirst,1//3,1,34.0,16.41374,15.44816
DepthFirst,1//3,1,35.0,16.39446,15.55809
DepthFirst,1//3,1,36.0,16.37608,15.62989
DepthFirst,1//3,1,37.0,16.38421,15.63809
DepthFirst,1//3,1,38.0,16.3656,15.69038
DepthFirst,1//3,1,39.0,16.40873,15.73036
DepthFirst,1//3,1,40.0,16.41511,15.755
DepthFirst,1//3,1,41.0,16.38362,15.8121
DepthFirst,1//3,1,42.0,16.40017,15.85527
DepthFirst,1//3,1,43.0,16.36649,15.8723
DepthFirst,1//3,1,44.0,16.38086,15.91621
DepthFirst,1//3,1,45.0,16.36944,15.94558
DepthFirst,1//3,1,46.0,16.42739,15.95435
DepthFirst,1//3,1,47.0,16.39923,15.96928
DepthFirst,1//3,1,48.0,16.36224,15.98392
DepthFirst,1//3,1,49.0,16.38062,15.98543
DepthFirst,1//3,1,50.0,16.39192,15.99346
DepthFirst,1//3,1,51.0,16.38883,16.0
DepthFirst,1//3,1,52.0,16.39478,16.0
BreadthFirst,1//3,1,0.0,4.74846,0.99825
BreadthFirst,1//3,1,1.0,16.29423,11.41639
BreadthFirst,1//3,1,2.0,16.38404,12.99663
BreadthFirst,1//3,1,3.0,16.31475,14.27062
BreadthFirst,1//3,1,4.0,16.42855,14.29846
BreadthFirst,1//3,1,5.0,16.32558,14.38435
BreadthFirst,1//3,1,6.0,16.35573,14.46982
BreadthFirst,1//3,1,7.0,16.37764,14.49277
BreadthFirst,1//3,1,8.0,16.34535,14.57521
BreadthFirst,1//3,1,9.0,16.38511,14.66107
BreadthFirst,1//3,1,10.0,16.40113,14.69734
BreadthFirst,1//3,1,11.0,16.38905,14.82289
BreadthFirst,1//3,1,12.0,16.40157,14.93914
BreadthFirst,1//3,1,13.0,16.41095,14.96247
BreadthFirst,1//3,1,14.0,16.43175,15.01755
BreadthFirst,1//3,1,15.0,16.35461,15.06978
BreadthFirst,1//3,1,16.0,16.435,15.08198
BreadthFirst,1//3,1,17.0,16.37209,15.13309
BreadthFirst,1//3,1,18.0,16.34934,15.18173
BreadthFirst,1//3,1,19.0,16.35826,15.20372
BreadthFirst,1//3,1,20.0,16.40255,15.27228
BreadthFirst,1//3,1,21.0,16.37612,15.33252
BreadthFirst,1//3,1,22.0,16.40282,15.34955
BreadthFirst,1//3,1,23.0,16.41684,15.38545
BreadthFirst,1//3,1,24.0,16.37551,15.42185
BreadthFirst,1//3,1,25.0,16.4041,15.43512
BreadthFirst,1//3,1,26.0,16.35536,15.47979
BreadthFirst,1//3,1,27.0,16.39321,15.52954
BreadthFirst,1//3,1,28.0,16.40883,15.53979
BreadthFirst,1//3,1,29.0,16.37449,15.61392
BreadthFirst,1//3,1,30.0,16.35934,15.66725
BreadthFirst,1//3,1,31.0,16.38423,15.68103
BreadthFirst,1//3,1,32.0,16.39973,15.71531
BreadthFirst,1//3,1,33.0,16.39954,15.74664
BreadthFirst,1//3,1,34.0,16.43514,15.75483
BreadthFirst,1//3,1,35.0,16.42355,15.7832
BreadthFirst,1//3,1,36.0,16.3963,15.8102
BreadthFirst,1//3,1,37.0,16.35853,15.82893
BreadthFirst,1//3,1,38.0,16.39804,15.87232
BreadthFirst,1//3,1,39.0,16.36614,15.90739
BreadthFirst,1//3,1,40.0,16.39017,15.91225
BreadthFirst,1//3,1,41.0,16.38633,15.93659
BreadthFirst,1//3,1,42.0,16.38043,15.95108
BreadthFirst,1//3,1,43.0,16.36027,15.95429
BreadthFirst,1//3,1,44.0,16.4108,15.95896
BreadthFirst,1//3,1,45.0,16.39167,15.96798
BreadthFirst,1//3,1,46.0,16.38358,15.97163
BreadthFirst,1//3,1,47.0,16.42257,15.98197
BreadthFirst,1//3,1,48.0,16.40889,15.99028
BreadthFirst,1//3,1,49.0,16.40127,15.99177
BreadthFirst,1//3,1,50.0,16.3738,15.99705
BreadthFirst,1//3,1,51.0,16.3798,16.0
BreadthFirst,1//3,1,52.0,16.40385,16.0
BestFirst,2//1,1,0.0,0.82349,0.95093
BestFirst,2//1,1,1.0,6.48376,5.39415
BestFirst,2//1,1,2.0,6.67848,5.47291
BestFirst,2//1,1,3.0,6.9591,5.64516
BestFirst,2//1,1,4.0,7.7649,6.31821
BestFirst,2//1,1,5.0,8.64191,7.12248
BestFirst,2//1,1,6.0,8.93727,7.41242
BestFirst,2//1,1,7.0,9.11311,7.69421
BestFirst,2//1,1,8.0,9.23588,8.33751
BestFirst,2//1,1,9.0,9.38441,9.2653
BestFirst,2//1,1,10.0,9.48441,10.05647
BestFirst,2//1,1,11.0,9.54609,10.88919
BestFirst,2//1,1,12.0,9.58699,11.79268
BestFirst,2//1,1,13.0,9.58554,12.79953
BestFirst,2//1,1,14.0,9.59464,13.84866
BestFirst,2//1,1,15.0,9.56906,14.74321
BestFirst,2//1,1,16.0,9.58165,15.2831
BestFirst,2//1,1,17.0,9.6018,15.62859
BestFirst,2//1,1,18.0,9.59444,15.8092
BestFirst,2//1,1,19.0,9.60814,15.90863
BestFirst,2//1,1,20.0,9.5717,15.97472
BestFirst,2//1,1,21.0,9.57607,16.0
BestFirst,2//1,1,22.0,9.55817,16.0
BestFirst,2//1,1,23.0,9.60399,16.0
BestFirst,2//1,1,24.0,9.57691,16.0
BestFirst,2//1,1,25.0,9.59367,16.0
BestFirst,2//1,1,26.0,9.58019,16.0
BestFirst,2//1,1,27.0,9.57911,16.0
BestFirst,2//1,1,28.0,9.598,16.0
DepthFirst,2//1,1,0.0,0.89284,0.90479
DepthFirst,2//1,1,1.0,5.53585,4.26903
DepthFirst,2//1,1,2.0,6.01995,4.65157
DepthFirst,2//1,1,3.0,6.61935,5.24822
DepthFirst,2//1,1,4.0,7.43212,6.11677
DepthFirst,2//1,1,5.0,8.17188,7.12156
DepthFirst,2//1,1,6.0,8.61824,8.02325
DepthFirst,2//1,1,7.0,8.91525,8.7134
DepthFirst,2//1,1,8.0,9.14114,9.82651
DepthFirst,2//1,1,9.0,9.37098,11.09923
DepthFirst,2//1,1,10.0,9.46143,11.93167
DepthFirst,2//1,1,11.0,9.52473,12.88038
DepthFirst,2//1,1,12.0,9.56406,13.83932
DepthFirst,2//1,1,13.0,9.5707,14.50858
DepthFirst,2//1,1,14.0,9.59963,15.14873
DepthFirst,2//1,1,15.0,9.5661,15.6986
DepthFirst,2//1,1,16.0,9.57575,15.82717
DepthFirst,2//1,1,17.0,9.58973,15.90723
DepthFirst,2//1,1,18.0,9.60042,15.95261
DepthFirst,2//1,1,19.0,9.60009,15.97809
DepthFirst,2//1,1,20.0,9.57673,15.99397
DepthFirst,2//1,1,21.0,9.56452,16.0
DepthFirst,2//1,1,22.0,9.60201,16.0
DepthFirst,2//1,1,23.0,9.57286,16.0
DepthFirst,2//1,1,24.0,9.57107,16.0
DepthFirst,2//1,1,25.0,9.60402,16.0
DepthFirst,2//1,1,26.0,9.57218,16.0
DepthFirst,2//1,1,27.0,9.58799,16.0
DepthFirst,2//1,1,28.0,9.59587,16.0
BreadthFirst,2//1,1,0.0,0.55808,0.99269
BreadthFirst,2//1,1,1.0,7.32351,10.27141
BreadthFirst,2//1,1,2.0,7.82787,10.64925
BreadthFirst,2//1,1,3.0,8.34741,11.06776
BreadthFirst,2//1,1,4.0,8.78439,11.68378
BreadthFirst,2//1,1,5.0,9.29943,12.60283
BreadthFirst,2//1,1,6.0,9.44599,12.98343
BreadthFirst,2//1,1,7.0,9.53793,13.3536
BreadthFirst,2//1,1,8.0,9.58161,13.94089
BreadthFirst,2//1,1,9.0,9.57655,14.92833
BreadthFirst,2//1,1,10.0,9.59019,15.14045
BreadthFirst,2//1,1,11.0,9.58489,15.33651
BreadthFirst,2//1,1,12.0,9.58754,15.50415
BreadthFirst,2//1,1,13.0,9.60012,15.63046
BreadthFirst,2//1,1,14.0,9.59447,15.74804
BreadthFirst,2//1,1,15.0,9.5979,15.83079
BreadthFirst,2//1,1,16.0,9.59237,15.89355
BreadthFirst,2//1,1,17.0,9.57006,15.94088
BreadthFirst,2//1,1,18.0,9.57532,15.97082
BreadthFirst,2//1,1,19.0,9.57843,15.98736
BreadthFirst,2//1,1,20.0,9.59348,15.99671
BreadthFirst,2//1,1,21.0,9.57975,16.0
BreadthFirst,2//1,1,22.0,9.58982,16.0
BreadthFirst,2//1,1,23.0,9.57154,16.0
BreadthFirst,2//1,1,24.0,9.58421,16.0
BreadthFirst,2//1,1,25.0,9.58812,16.0
BreadthFirst,2//1,1,26.0,9.5965,16.0
BreadthFirst,2//1,1,27.0,9.59182,16.0
BreadthFirst,2//1,1,28.0,9.58498,16.0
BestFirst,3//1,1,0.0,1.12447,0.95138
BestFirst,3//1,1,1.0,11.78132,5.57457
BestFirst,3//1,1,2.0,11.98155,5.59902
BestFirst,3//1,1,3.0,12.19325,5.65391
BestFirst,3//1,1,4.0,12.84739,5.83962
BestFirst,3//1,1,5.0,13.7878,6.11198
BestFirst,3//1,1,6.0,14.54988,6.34086
BestFirst,3//1,1,7.0,15.31386,6.57269
BestFirst,3//1,1,8.0,16.33089,6.90209
BestFirst,3//1,1,9.0,17.33721,7.29779
BestFirst,3//1,1,10.0,17.96348,7.58256
BestFirst,3//1,1,11.0,18.13263,7.61657
BestFirst,3//1,1,12.0,18.16673,7.67994
BestFirst,3//1,1,13.0,18.34935,7.84672
BestFirst,3//1,1,14.0,18.57723,8.10996
BestFirst,3//1,1,15.0,18.80521,8.37586
BestFirst,3//1,1,16.0,18.96521,8.67364
BestFirst,3//1,1,17.0,19.15419,9.01968
BestFirst,3//1,1,18.0,19.29677,9.5876
BestFirst,3//1,1,19.0,19.41318,10.25886
BestFirst,3//1,1,20.0,19.47029,10.50552
BestFirst,3//1,1,21.0,19.41696,10.76074
BestFirst,3//1,1,22.0,19.49488,11.19472
BestFirst,3//1,1,23.0,19.47908,11.77979
BestFirst,3//1,1,24.0,19.53493,12.37047
BestFirst,3//1,1,25.0,19.54416,13.07656
BestFirst,3//1,1,26.0,19.53622,13.77625
BestFirst,3//1,1,27.0,19.53204,14.46509
BestFirst,3//1,1,28.0,19.53523,15.04767
BestFirst,3//1,1,29.0,19.53336,15.32059
BestFirst,3//1,1,30.0,19.5234,15.51374
BestFirst,3//1,1,31.0,19.5353,15.74911
BestFirst,3//1,1,32.0,19.5538,15.85683
BestFirst,3//1,1,33.0,19.55141,15.91033
BestFirst,3//1,1,34.0,19.53003,15.97508
BestFirst,3//1,1,35.0,19.51766,16.0
BestFirst,3//1,1,36.0,19.53959,16.0
BestFirst,3//1,1,37.0,19.56744,16.0
BestFirst,3//1,1,38.0,19.52844,16.0
BestFirst,3//1,1,39.0,19.52174,16.0
BestFirst,3//1,1,40.0,19.55093,16.0
BestFirst,3//1,1,41.0,19.54739,16.0
BestFirst,3//1,1,42.0,19.51117,16.0
BestFirst,3//1,1,43.0,19.53299,16.0
BestFirst,3//1,1,44.0,19.51184,16.0
BestFirst,3//1,1,45.0,19.5357,16.0
BestFirst,3//1,1,46.0,19.55021,16.0
BestFirst,3//1,1,47.0,19.52706,16.0
BestFirst,3//1,1,48.0,19.5159,16.0
BestFirst,3//1,1,49.0,19.51396,16.0
BestFirst,3//1,1,50.0,19.5104,16.0
BestFirst,3//1,1,51.0,19.52895,16.0
BestFirst,3//1,1,52.0,19.55181,16.0
DepthFirst,3//1,1,0.0,1.52743,0.89388
DepthFirst,3//1,1,1.0,10.51712,3.78195
DepthFirst,3//1,1,2.0,11.19433,4.01737
DepthFirst,3//1,1,3.0,11.67798,4.15842
DepthFirst,3//1,1,4.0,12.22198,4.33594
DepthFirst,3//1,1,5.0,13.63887,4.88398
DepthFirst,3//1,1,6.0,14.49039,5.25288
DepthFirst,3//1,1,7.0,14.82898,5.35175
DepthFirst,3//1,1,8.0,15.51767,5.68691
DepthFirst,3//1,1,9.0,16.16866,5.99651
DepthFirst,3//1,1,10.0,16.52591,6.23441
DepthFirst,3//1,1,11.0,16.94483,6.63051
DepthFirst,3//1,1,12.0,17.25868,7.00637
DepthFirst,3//1,1,13.0,17.44377,7.25941
DepthFirst,3//1,1,14.0,18.12393,8.28205
DepthFirst,3//1,1,15.0,18.63503,9.20839
DepthFirst,3//1,1,16.0,18.79242,9.4759
DepthFirst,3//1,1,17.0,19.05644,10.1591
DepthFirst,3//1,1,18.0,19.22014,10.96574
DepthFirst,3//1,1,19.0,19.26355,11.35849
DepthFirst,3//1,1,20.0,19.36465,11.8285
DepthFirst,3//1,1,21.0,19.39373,12.22305
DepthFirst,3//1,1,22.0,19.43097,12.51745
DepthFirst,3//1,1,23.0,19.51874,13.45119
DepthFirst,3//1,1,24.0,19.5199,14.3042
DepthFirst,3//1,1,25.0,19.53898,14.55313
DepthFirst,3//1,1,26.0,19.52191,15.12862
DepthFirst,3//1,1,27.0,19.54254,15.62984
DepthFirst,3//1,1,28.0,19.55141,15.76437
DepthFirst,3//1,1,29.0,19.52931,15.83135
DepthFirst,3//1,1,30.0,19.5291,15.87937
DepthFirst,3//1,1,31.0,19.53206,15.93578
DepthFirst,3//1,1,32.0,19.52267,15.96379
DepthFirst,3//1,1,33.0,19.52295,15.97626
DepthFirst,3//1,1,34.0,19.53045,15.99428
DepthFirst,3//1,1,35.0,19.54548,16.0
DepthFirst,3//1,1,36.0,19.54519,16.0
DepthFirst,3//1,1,37.0,19.54077,16.0
DepthFirst,3//1,1,38.0,19.53838,16.0
DepthFirst,3//1,1,39.0,19.52518,16.0
DepthFirst,3//1,1,40.0,19.5423,16.0
DepthFirst,3//1,1,41.0,19.55704,16.0
DepthFirst,3//1,1,42.0,19.52354,16.0
DepthFirst,3//1,1,43.0,19.51755,16.0
DepthFirst,3//1,1,44.0,19.53788,16.0
DepthFirst,3//1,1,45.0,19.49761,16.0
DepthFirst,3//1,1,46.0,19.54565,16.0
DepthFirst,3//1,1,47.0,19.5057,16.0
DepthFirst,3//1,1,48.0,19.55997,16.0
DepthFirst,3//1,1,49.0,19.5631,16.0
DepthFirst,3//1,1,50.0,19.50584,16.0
DepthFirst,3//1,1,51.0,19.5301,16.0
DepthFirst,3//1,1,52.0,19.53889,16.0
BreadthFirst,3//1,1,0.0,0.60477,1.00194
BreadthFirst,3//1,1,1.0,13.57997,9.90153
BreadthFirst,3//1,1,2.0,14.06517,10.01467
BreadthFirst,3//1,1,3.0,14.61251,10.15928
BreadthFirst,3//1,1,4.0,15.24786,10.33384
BreadthFirst,3//1,1,5.0,15.62968,10.44314
BreadthFirst,3//1,1,6.0,16.12539,10.6499
BreadthFirst,3//1,1,7.0,16.76043,10.89396
BreadthFirst,3//1,1,8.0,17.07732,11.05985
BreadthFirst,3//1,1,9.0,17.69984,11.45077
BreadthFirst,3//1,1,10.0,18.62713,12.13519
BreadthFirst,3//1,1,11.0,18.80378,12.29192
BreadthFirst,3//1,1,12.0,18.97946,12.46163
BreadthFirst,3//1,1,13.0,19.20063,12.69245
BreadthFirst,3//1,1,14.0,19.23573,12.8352
BreadthFirst,3//1,1,15.0,19.35543,13.05445
BreadthFirst,3//1,1,16.0,19.47135,13.37101
BreadthFirst,3//1,1,17.0,19.49775,13.53695
BreadthFirst,3//1,1,18.0,19.54937,14.02574
BreadthFirst,3//1,1,19.0,19.56892,14.99661
BreadthFirst,3//1,1,20.0,19.5436,15.11792
BreadthFirst,3//1,1,21.0,19.56989,15.25316
BreadthFirst,3//1,1,22.0,19.55844,15.41198
BreadthFirst,3//1,1,23.0,19.55256,15.49655
BreadthFirst,3//1,1,24.0,19.53014,15.56882
BreadthFirst,3//1,1,25.0,19.52625,15.65071
BreadthFirst,3//1,1,26.0,19.53509,15.7036
BreadthFirst,3//1,1,27.0,19.54177,15.76515
BreadthFirst,3//1,1,28.0,19.5469,15.843
BreadthFirst,3//1,1,29.0,19.54657,15.8766
BreadthFirst,3//1,1,30.0,19.51947,15.91794
BreadthFirst,3//1,1,31.0,19.535,15.96073
BreadthFirst,3//1,1,32.0,19.53909,15.97823
BreadthFirst,3//1,1,33.0,19.54214,15.98734
BreadthFirst,3//1,1,34.0,19.52046,15.99708
BreadthFirst,3//1,1,35.0,19.52426,16.0
BreadthFirst,3//1,1,36.0,19.54155,16.0
BreadthFirst,3//1,1,37.0,19.54657,16.0
BreadthFirst,3//1,1,38.0,19.51461,16.0
BreadthFirst,3//1,1,39.0,19.53956,16.0
BreadthFirst,3//1,1,40.0,19.53762,16.0
BreadthFirst,3//1,1,41.0,19.52083,16.0
BreadthFirst,3//1,1,42.0,19.52932,16.0
BreadthFirst,3//1,1,43.0,19.55264,16.0
BreadthFirst,3//1,1,44.0,19.54764,16.0
BreadthFirst,3//1,1,45.0,19.52159,16.0
BreadthFirst,3//1,1,46.0,19.54763,16.0
BreadthFirst,3//1,1,47.0,19.54007,16.0
BreadthFirst,3//1,1,48.0,19.51324,16.0
BreadthFirst,3//1,1,49.0,19.51743,16.0
BreadthFirst,3//1,1,50.0,19.56834,16.0
BreadthFirst,3//1,1,51.0,19.52469,16.0
BreadthFirst,3//1,1,52.0,19.53342,16.0
BestFirst,1//2,2,0.0,4.06742,0.91639
BestFirst,1//2,2,2.0,13.4378,4.39674
BestFirst,1//2,2,4.0,13.91214,5.07667
BestFirst,1//2,2,6.0,14.3477,5.59073
BestFirst,1//2,2,8.0,14.79512,5.92844
BestFirst,1//2,2,10.0,15.26,6.32901
BestFirst,1//2,2,12.0,15.66082,6.83003
BestFirst,1//2,2,14.0,15.91564,7.34712
BestFirst,1//2,2,16.0,16.2852,8.09182
BestFirst,1//2,2,18.0,16.46144,8.88583
BestFirst,1//2,2,20.0,16.57512,9.51775
BestFirst,1//2,2,22.0,16.62198,10.23908
BestFirst,1//2,2,24.0,16.66886,10.98501
BestFirst,1//2,2,26.0,16.69722,11.71985
BestFirst,1//2,2,28.0,16.6719,12.40811
BestFirst,1//2,2,30.0,16.69676,13.07094
BestFirst,1//2,2,32.0,16.71756,13.53741
BestFirst,1//2,2,34.0,16.7266,13.99354
BestFirst,1//2,2,36.0,16.6876,14.42974
BestFirst,1//2,2,38.0,16.6768,14.82315
BestFirst,1//2,2,40.0,16.654,15.11789
BestFirst,1//2,2,42.0,16.7215,15.39085
BestFirst,1//2,2,44.0,16.69674,15.62039
BestFirst,1//2,2,46.0,16.65866,15.81638
BestFirst,1//2,2,48.0,16.66282,15.88417
BestFirst,1//2,2,50.0,16.69524,15.94388
BestFirst,1//2,2,52.0,16.71982,15.97428
BestFirst,1//2,2,54.0,16.66528,16.0
BestFirst,1//2,2,56.0,16.75978,16.0
DepthFirst,1//2,2,0.0,3.20368,0.93302
DepthFirst,1//2,2,2.0,12.4605,6.44144
DepthFirst,1//2,2,4.0,13.48824,7.41787
DepthFirst,1//2,2,6.0,14.37434,8.31239
DepthFirst,1//2,2,8.0,14.8124,8.72753
DepthFirst,1//2,2,10.0,15.2047,9.198
DepthFirst,1//2,2,12.0,15.59546,9.71898
DepthFirst,1//2,2,14.0,15.88432,10.2794
DepthFirst,1//2,2,16.0,16.18294,11.09739
DepthFirst,1//2,2,18.0,16.47154,11.92968
DepthFirst,1//2,2,20.0,16.52942,12.51972
DepthFirst,1//2,2,22.0,16.65412,13.10266
DepthFirst,1//2,2,24.0,16.66394,13.73639
DepthFirst,1//2,2,26.0,16.69406,14.27892
DepthFirst,1//2,2,28.0,16.70806,14.7729
DepthFirst,1//2,2,30.0,16.71754,15.27426
DepthFirst,1//2,2,32.0,16.71724,15.39038
DepthFirst,1//2,2,34.0,16.64744,15.50739
DepthFirst,1//2,2,36.0,16.68716,15.6122
DepthFirst,1//2,2,38.0,16.67098,15.70896
DepthFirst,1//2,2,40.0,16.66054,15.78449
DepthFirst,1//2,2,42.0,16.73012,15.84988
DepthFirst,1//2,2,44.0,16.7615,15.90747
DepthFirst,1//2,2,46.0,16.70772,15.95441
DepthFirst,1//2,2,48.0,16.70972,15.97046
DepthFirst,1//2,2,50.0,16.69918,15.98537
DepthFirst,1//2,2,52.0,16.7119,15.99386
DepthFirst,1//2,2,54.0,16.74252,16.0
DepthFirst,1//2,2,56.0,16.7279,16.0
BreadthFirst,1//2,2,0.0,4.22436,0.99709
BreadthFirst,1//2,2,2.0,16.44584,11.46184
BreadthFirst,1//2,2,4.0,16.65986,13.05219
BreadthFirst,1//2,2,6.0,16.71428,14.33525
BreadthFirst,1//2,2,8.0,16.7371,14.4893
BreadthFirst,1//2,2,10.0,16.71224,14.64106
BreadthFirst,1//2,2,12.0,16.66234,14.77962
BreadthFirst,1//2,2,14.0,16.69616,14.92343
BreadthFirst,1//2,2,16.0,16.68504,15.06587
BreadthFirst,1//2,2,18.0,16.70228,15.18022
BreadthFirst,1//2,2,20.0,16.68138,15.27979
BreadthFirst,1//2,2,22.0,16.65722,15.37183
BreadthFirst,1//2,2,24.0,16.70934,15.46305
BreadthFirst,1//2,2,26.0,16.71138,15.54142
BreadthFirst,1//2,2,28.0,16.67726,15.612
BreadthFirst,1//2,2,30.0,16.67928,15.68718
BreadthFirst,1//2,2,32.0,16.72536,15.74192
BreadthFirst,1//2,2,34.0,16.6999,15.78902
BreadthFirst,1//2,2,36.0,16.75632,15.83345
BreadthFirst,1//2,2,38.0,16.72316,15.87249
BreadthFirst,1//2,2,40.0,16.64954,15.90994
BreadthFirst,1//2,2,42.0,16.67478,15.93982
BreadthFirst,1//2,2,44.0,16.67128,15.9586
BreadthFirst,1//2,2,46.0,16.6988,15.97286
BreadthFirst,1//2,2,48.0,16.70052,15.98405
BreadthFirst,1//2,2,50.0,16.72444,15.99153
BreadthFirst,1//2,2,52.0,16.72126,15.99706
BreadthFirst,1//2,2,54.0,16.69678,16.0
BreadthFirst,1//2,2,56.0,16.71504,16.0
BestFirst,1//3,2,0.0,9.02896,0.91919
BestFirst,1//3,2,2.0,26.02382,4.16236
BestFirst,1//3,2,4.0,26.42192,4.70497
BestFirst,1//3,2,6.0,26.76034,5.03573
BestFirst,1//3,2,8.0,27.04858,5.11563
BestFirst,1//3,2,10.0,27.90718,5.38039
BestFirst,1//3,2,12.0,28.6344,5.59267
BestFirst,1//3,2,14.0,28.90872,5.66668
BestFirst,1//3,2,16.0,29.35182,5.91078
BestFirst,1//3,2,18.0,29.65442,6.10961
BestFirst,1//3,2,20.0,29.79798,6.12561
BestFirst,1//3,2,22.0,30.11916,6.28134
BestFirst,1//3,2,24.0,30.45038,6.45063
BestFirst,1//3,2,26.0,30.46956,6.64186
BestFirst,1//3,2,28.0,31.20096,7.32657
BestFirst,1//3,2,30.0,31.85882,7.92906
BestFirst,1//3,2,32.0,31.9816,8.11741
BestFirst,1//3,2,34.0,32.38272,8.7439
BestFirst,1//3,2,36.0,32.66536,9.234
BestFirst,1//3,2,38.0,32.5392,9.29824
BestFirst,1//3,2,40.0,32.59494,9.46169
BestFirst,1//3,2,42.0,32.64092,9.63267
BestFirst,1//3,2,44.0,32.76716,9.80847
BestFirst,1//3,2,46.0,32.78594,10.48441
BestFirst,1//3,2,48.0,32.83088,11.03814
BestFirst,1//3,2,50.0,32.79042,11.2478
BestFirst,1//3,2,52.0,32.64036,11.89077
BestFirst,1//3,2,54.0,32.80982,12.37686
BestFirst,1//3,2,56.0,32.82118,12.41728
BestFirst,1//3,2,58.0,32.69576,12.60956
BestFirst,1//3,2,60.0,32.78046,12.76749
BestFirst,1//3,2,62.0,32.73644,12.89766
BestFirst,1//3,2,64.0,32.8444,13.29116
BestFirst,1//3,2,66.0,32.77274,13.63273
BestFirst,1//3,2,68.0,32.7941,13.7711
BestFirst,1//3,2,70.0,32.78822,14.19095
BestFirst,1//3,2,72.0,32.85018,14.49543
BestFirst,1//3,2,74.0,32.82152,14.55114
BestFirst,1//3,2,76.0,32.83208,14.74587
BestFirst,1//3,2,78.0,32.81176,14.91246
BestFirst,1//3,2,80.0,32.74006,14.99419
BestFirst,1//3,2,82.0,32.79546,15.21931
BestFirst,1//3,2,84.0,32.81352,15.42269
BestFirst,1//3,2,86.0,32.77856,15.48578
BestFirst,1//3,2,88.0,32.7049,15.65528
BestFirst,1//3,2,90.0,32.83336,15.78266
BestFirst,1//3,2,92.0,32.74796,15.80617
BestFirst,1//3,2,94.0,32.7204,15.87766
BestFirst,1//3,2,96.0,32.83442,15.9323
BestFirst,1//3,2,98.0,32.80984,15.94366
BestFirst,1//3,2,100.0,32.86322,15.97368
BestFirst,1//3,2,102.0,32.8663,16.0
BestFirst,1//3,2,104.0,32.83468,16.0
DepthFirst,1//3,2,0.0,7.06818,0.93533
DepthFirst,1//3,2,2.0,26.08928,6.60278
DepthFirst,1//3,2,4.0,26.3959,7.14798
DepthFirst,1//3,2,6.0,26.74372,7.49384
DepthFirst,1//3,2,8.0,26.9493,7.58548
DepthFirst,1//3,2,10.0,27.79464,7.8703
DepthFirst,1//3,2,12.0,28.68038,8.17828
DepthFirst,1//3,2,14.0,28.69512,8.27755
DepthFirst,1//3,2,16.0,29.30614,8.53328
DepthFirst,1//3,2,18.0,29.8285,8.7726
DepthFirst,1//3,2,20.0,29.81106,8.79748
DepthFirst,1//3,2,22.0,29.98848,8.96837
DepthFirst,1//3,2,24.0,30.272,9.19518
DepthFirst,1//3,2,26.0,30.60564,9.33421
DepthFirst,1//3,2,28.0,31.1444,10.11479
DepthFirst,1//3,2,30.0,31.80936,10.94914
DepthFirst,1//3,2,32.0,31.94062,11.11037
DepthFirst,1//3,2,34.0,32.37446,11.78359
DepthFirst,1//3,2,36.0,32.62076,12.46537
DepthFirst,1//3,2,38.0,32.57396,12.51302
DepthFirst,1//3,2,40.0,32.68994,12.62745
DepthFirst,1//3,2,42.0,32.63618,12.79023
DepthFirst,1//3,2,44.0,32.6401,12.93916
DepthFirst,1//3,2,46.0,32.72214,13.46962
DepthFirst,1//3,2,48.0,32.80726,14.04967
DepthFirst,1//3,2,50.0,32.69004,14.18081
DepthFirst,1//3,2,52.0,32.8416,14.65901
DepthFirst,1//3,2,54.0,32.68396,15.10207
DepthFirst,1//3,2,56.0,32.76348,15.10577
DepthFirst,1//3,2,58.0,32.77852,15.1566
DepthFirst,1//3,2,60.0,32.82878,15.20138
DepthFirst,1//3,2,62.0,32.7966,15.23161
DepthFirst,1//3,2,64.0,32.73216,15.33048
DepthFirst,1//3,2,66.0,32.7086,15.41318
DepthFirst,1//3,2,68.0,32.75704,15.4502
DepthFirst,1//3,2,70.0,32.82004,15.55358
DepthFirst,1//3,2,72.0,32.6756,15.62655
DepthFirst,1//3,2,74.0,32.72684,15.64343
DepthFirst,1//3,2,76.0,32.73378,15.68454
DepthFirst,1//3,2,78.0,32.74096,15.73769
DepthFirst,1//3,2,80.0,32.77594,15.74975
DepthFirst,1//3,2,82.0,32.75024,15.81218
DepthFirst,1//3,2,84.0,32.85214,15.85334
DepthFirst,1//3,2,86.0,32.80078,15.87182
DepthFirst,1//3,2,88.0,32.7874,15.91756
DepthFirst,1//3,2,90.0,32.87112,15.947
DepthFirst,1//3,2,92.0,32.78306,15.95189
DepthFirst,1//3,2,94.0,32.7213,15.96902
DepthFirst,1//3,2,96.0,32.81258,15.9839
DepthFirst,1//3,2,98.0,32.8388,15.986
DepthFirst,1//3,2,100.0,32.75994,15.99389
DepthFirst,1//3,2,102.0,32.86674,16.0
DepthFirst,1//3,2,104.0,32.81022,16.0
BreadthFirst,1//3,2,0.0,9.53588,1.00559
BreadthFirst,1//3,2,2.0,32.58932,11.42349
BreadthFirst,1//3,2,4.0,32.80684,12.99917
BreadthFirst,1//3,2,6.0,32.7888,14.26833
BreadthFirst,1//3,2,8.0,32.8099,14.29569
BreadthFirst,1//3,2,10.0,32.71992,14.38047
BreadthFirst,1//3,2,12.0,32.75118,14.47538
BreadthFirst,1//3,2,14.0,32.73474,14.49286
BreadthFirst,1//3,2,16.0,32.80628,14.5799
BreadthFirst,1//3,2,18.0,32.71168,14.66496
BreadthFirst,1//3,2,20.0,32.70408,14.70402
BreadthFirst,1//3,2,22.0,32.81038,14.82703
BreadthFirst,1//3,2,24.0,32.79876,14.93243
BreadthFirst,1//3,2,26.0,32.71418,14.94961
BreadthFirst,1//3,2,28.0,32.76082,15.02795
BreadthFirst,1//3,2,30.0,32.87586,15.07565
BreadthFirst,1//3,2,32.0,32.79836,15.08635
BreadthFirst,1//3,2,34.0,32.81702,15.13307
BreadthFirst,1//3,2,36.0,32.80048,15.17896
BreadthFirst,1//3,2,38.0,32.769,15.20507
BreadthFirst,1//3,2,40.0,32.7317,15.27481
BreadthFirst,1//3,2,42.0,32.87718,15.33297
BreadthFirst,1//3,2,44.0,32.81276,15.34924
BreadthFirst,1//3,2,46.0,32.8111,15.38155
BreadthFirst,1//3,2,48.0,32.73386,15.42311
BreadthFirst,1//3,2,50.0,32.66638,15.43283
BreadthFirst,1//3,2,52.0,32.70578,15.48324
BreadthFirst,1//3,2,54.0,32.80878,15.52517
BreadthFirst,1//3,2,56.0,32.70256,15.54517
BreadthFirst,1//3,2,58.0,32.82432,15.61577
BreadthFirst,1//3,2,60.0,32.82626,15.66897
BreadthFirst,1//3,2,62.0,32.67828,15.67862
BreadthFirst,1//3,2,64.0,32.75732,15.71585
BreadthFirst,1//3,2,66.0,32.74636,15.74093
BreadthFirst,1//3,2,68.0,32.78386,15.75317
BreadthFirst,1//3,2,70.0,32.74396,15.78555
BreadthFirst,1//3,2,72.0,32.75298,15.81102
BreadthFirst,1//3,2,74.0,32.74122,15.827
BreadthFirst,1//3,2,76.0,32.78122,15.87346
BreadthFirst,1//3,2,78.0,32.71654,15.90518
BreadthFirst,1//3,2,80.0,32.81834,15.91264
BreadthFirst,1//3,2,82.0,32.83334,15.93403
BreadthFirst,1//3,2,84.0,32.81202,15.95115
BreadthFirst,1//3,2,86.0,32.70552,15.95238
BreadthFirst,1//3,2,88.0,32.72204,15.96011
BreadthFirst,1//3,2,90.0,32.81246,15.96724
BreadthFirst,1//3,2,92.0,32.77898,15.96987
BreadthFirst,1//3,2,94.0,32.78558,15.98214
BreadthFirst,1//3,2,96.0,32.71946,15.98989
BreadthFirst,1//3,2,98.0,32.8165,15.99224
BreadthFirst,1//3,2,100.0,32.71056,15.99665
BreadthFirst,1//3,2,102.0,32.74102,16.0
BreadthFirst,1//3,2,104.0,32.74644,16.0
BestFirst,2//1,2,0.0,1.6536,0.95364
BestFirst,2//1,2,2.0,12.99912,5.38845
BestFirst,2//1,2,4.0,13.33454,5.47412
BestFirst,2//1,2,6.0,13.90902,5.64948
BestFirst,2//1,2,8.0,15.53792,6.31706
BestFirst,2//1,2,10.0,17.26722,7.11014
BestFirst,2//1,2,12.0,17.82232,7.4473
BestFirst,2//1,2,14.0,18.22334,7.70344
BestFirst,2//1,2,16.0,18.49688,8.30771
BestFirst,2//1,2,18.0,18.79838,9.25235
BestFirst,2//1,2,20.0,19.02028,10.04143
BestFirst,2//1,2,22.0,19.08684,10.87783
BestFirst,2//1,2,24.0,19.1584,11.78714
BestFirst,2//1,2,26.0,19.15424,12.80979
BestFirst,2//1,2,28.0,19.15246,13.85978
BestFirst,2//1,2,30.0,19.16444,14.74946
BestFirst,2//1,2,32.0,19.18626,15.28206
BestFirst,2//1,2,34.0,19.16864,15.62513
BestFirst,2//1,2,36.0,19.19238,15.80992
BestFirst,2//1,2,38.0,19.17442,15.90996
BestFirst,2//1,2,40.0,19.14764,15.97425
BestFirst,2//1,2,42.0,19.2016,16.0
BestFirst,2//1,2,44.0,19.14416,16.0
BestFirst,2//1,2,46.0,19.1901,16.0
BestFirst,2//1,2,48.0,19.16314,16.0
BestFirst,2//1,2,50.0,19.1668,16.0
BestFirst,2//1,2,52.0,19.19036,16.0
BestFirst,2//1,2,54.0,19.21498,16.0
BestFirst,2//1,2,56.0,19.14724,16.0
DepthFirst,2//1,2,0.0,1.7728,0.9027
DepthFirst,2//1,2,2.0,11.10124,4.2637
DepthFirst,2//1,2,4.0,12.03262,4.65516
DepthFirst,2//1,2,6.0,13.2312,5.21519
DepthFirst,2//1,2,8.0,14.85108,6.10412
DepthFirst,2//1,2,10.0,16.3226,7.13865
DepthFirst,2//1,2,12.0,17.27296,8.02125
DepthFirst,2//1,2,14.0,17.84148,8.72207
DepthFirst,2//1,2,16.0,18.32766,9.80311
DepthFirst,2//1,2,18.0,18.73574,11.08049
DepthFirst,2//1,2,20.0,18.91718,11.93882
DepthFirst,2//1,2,22.0,19.04968,12.88432
DepthFirst,2//1,2,24.0,19.1311,13.86032
DepthFirst,2//1,2,26.0,19.1556,14.49314
DepthFirst,2//1,2,28.0,19.18506,15.1486
DepthFirst,2//1,2,30.0,19.13602,15.69609
DepthFirst,2//1,2,32.0,19.18406,15.82684
DepthFirst,2//1,2,34.0,19.17596,15.90781
DepthFirst,2//1,2,36.0,19.1859,15.95132
DepthFirst,2//1,2,38.0,19.19206,15.9773
DepthFirst,2//1,2,40.0,19.16908,15.994
DepthFirst,2//1,2,42.0,19.18722,16.0
DepthFirst,2//1,2,44.0,19.1827,16.0
DepthFirst,2//1,2,46.0,19.1835,16.0
DepthFirst,2//1,2,48.0,19.13324,16.0
DepthFirst,2//1,2,50.0,19.17432,16.0
DepthFirst,2//1,2,52.0,19.174,16.0
DepthFirst,2//1,2,54.0,19.19772,16.0
DepthFirst,2//1,2,56.0,19.18322,16.0
BreadthFirst,2//1,2,0.0,1.13238,0.99577
BreadthFirst,2//1,2,2.0,14.71086,10.27347
BreadthFirst,2//1,2,4.0,15.70902,10.64712
BreadthFirst,2//1,2,6.0,16.71,11.07645
BreadthFirst,2//1,2,8.0,17.5864,11.68042
BreadthFirst,2//1,2,10.0,18.5743,12.59654
BreadthFirst,2//1,2,12.0,18.88018,12.9869
BreadthFirst,2//1,2,14.0,19.10606,13.35262
BreadthFirst,2//1,2,16.0,19.15498,13.95033
BreadthFirst,2//1,2,18.0,19.17858,14.92892
BreadthFirst,2//1,2,20.0,19.13916,15.1449
BreadthFirst,2//1,2,22.0,19.15544,15.33584
BreadthFirst,2//1,2,24.0,19.1472,15.50773
BreadthFirst,2//1,2,26.0,19.16,15.63773
BreadthFirst,2//1,2,28.0,19.1662,15.74572
BreadthFirst,2//1,2,30.0,19.1564,15.836
BreadthFirst,2//1,2,32.0,19.15764,15.89091
BreadthFirst,2//1,2,34.0,19.16902,15.93835
BreadthFirst,2//1,2,36.0,19.15102,15.97143
BreadthFirst,2//1,2,38.0,19.17814,15.98712
BreadthFirst,2//1,2,40.0,19.16674,15.9968
BreadthFirst,2//1,2,42.0,19.18092,16.0
BreadthFirst,2//1,2,44.0,19.15448,16.0
BreadthFirst,2//1,2,46.0,19.14834,16.0
BreadthFirst,2//1,2,48.0,19.21196,16.0
BreadthFirst,2//1,2,50.0,19.18966,16.0
BreadthFirst,2//1,2,52.0,19.18628,16.0
BreadthFirst,2//1,2,54.0,19.1802,16.0
BreadthFirst,2//1,2,56.0,19.1462,16.0
BestFirst,3//1,2,0.0,2.26938,0.95255
BestFirst,3//1,2,2.0,23.65078,5.57907
BestFirst,3//1,2,4.0,23.87162,5.6118
BestFirst,3//1,2,6.0,24.27658,5.65189
BestFirst,3//1,2,8.0,25.70928,5.84947
BestFirst,3//1,2,10.0,27.52296,6.1257
BestFirst,3//1,2,12.0,29.04948,6.33469
BestFirst,3//1,2,14.0,30.66678,6.56968
BestFirst,3//1,2,16.0,32.57834,6.90844
BestFirst,3//1,2,18.0,34.67718,7.28746
BestFirst,3//1,2,20.0,36.01974,7.59133
BestFirst,3//1,2,22.0,36.18902,7.64923
BestFirst,3//1,2,24.0,36.31062,7.70611
BestFirst,3//1,2,26.0,36.67492,7.84187
BestFirst,3//1,2,28.0,37.13438,8.11019
BestFirst,3//1,2,30.0,37.60372,8.37978
BestFirst,3//1,2,32.0,37.98508,8.64899
BestFirst,3//1,2,34.0,38.35214,8.99194
BestFirst,3//1,2,36.0,38.57948,9.591
BestFirst,3//1,2,38.0,38.8041,10.26657
BestFirst,3//1,2,40.0,38.91262,10.51127
BestFirst,3//1,2,42.0,38.90716,10.74179
BestFirst,3//1,2,44.0,38.95698,11.19762
BestFirst,3//1,2,46.0,39.0275,11.77594
BestFirst,3//1,2,48.0,39.07992,12.36588
BestFirst,3//1,2,50.0,39.09294,13.06471
BestFirst,3//1,2,52.0,39.09948,13.77425
BestFirst,3//1,2,54.0,39.09282,14.45713
BestFirst,3//1,2,56.0,39.08872,15.04543
BestFirst,3//1,2,58.0,39.0555,15.32336
BestFirst,3//1,2,60.0,39.06396,15.51097
BestFirst,3//1,2,62.0,39.08148,15.75039
BestFirst,3//1,2,64.0,39.04904,15.85761
BestFirst,3//1,2,66.0,39.1286,15.90711
BestFirst,3//1,2,68.0,39.06312,15.97328
BestFirst,3//1,2,70.0,39.03564,16.0
BestFirst,3//1,2,72.0,39.07686,16.0
BestFirst,3//1,2,74.0,39.06924,16.0
BestFirst,3//1,2,76.0,39.03414,16.0
BestFirst,3//1,2,78.0,39.0192,16.0
BestFirst,3//1,2,80.0,39.079,16.0
BestFirst,3//1,2,82.0,39.0814,16.0
BestFirst,3//1,2,84.0,39.08252,16.0
BestFirst,3//1,2,86.0,39.04722,16.0
BestFirst,3//1,2,88.0,39.05522,16.0
BestFirst,3//1,2,90.0,39.04918,16.0
BestFirst,3//1,2,92.0,39.05136,16.0
BestFirst,3//1,2,94.0,39.07016,16.0
BestFirst,3//1,2,96.0,39.07004,16.0
BestFirst,3//1,2,98.0,39.10986,16.0
BestFirst,3//1,2,100.0,39.08798,16.0
BestFirst,3//1,2,102.0,39.07728,16.0
BestFirst,3//1,2,104.0,39.04754,16.0
DepthFirst,3//1,2,0.0,3.07828,0.90101
DepthFirst,3//1,2,2.0,21.11988,3.79315
DepthFirst,3//1,2,4.0,22.4299,4.00254
DepthFirst,3//1,2,6.0,23.34952,4.16113
DepthFirst,3//1,2,8.0,24.42038,4.33473
DepthFirst,3//1,2,10.0,27.24398,4.87602
DepthFirst,3//1,2,12.0,29.04238,5.2487
DepthFirst,3//1,2,14.0,29.69302,5.37299
DepthFirst,3//1,2,16.0,30.9841,5.71166
DepthFirst,3//1,2,18.0,32.32724,6.00944
DepthFirst,3//1,2,20.0,32.97004,6.19527
DepthFirst,3//1,2,22.0,33.85378,6.63703
DepthFirst,3//1,2,24.0,34.57458,6.99991
DepthFirst,3//1,2,26.0,34.87104,7.23238
DepthFirst,3//1,2,28.0,36.29684,8.26367
DepthFirst,3//1,2,30.0,37.31036,9.20224
DepthFirst,3//1,2,32.0,37.53718,9.4553
DepthFirst,3//1,2,34.0,38.04592,10.17167
DepthFirst,3//1,2,36.0,38.4483,10.96661
DepthFirst,3//1,2,38.0,38.51208,11.3509
DepthFirst,3//1,2,40.0,38.71148,11.81058
DepthFirst,3//1,2,42.0,38.83968,12.21435
DepthFirst,3//1,2,44.0,38.8984,12.51027
DepthFirst,3//1,2,46.0,38.9855,13.46207
DepthFirst,3//1,2,48.0,39.08346,14.26564
DepthFirst,3//1,2,50.0,39.06756,14.5704
DepthFirst,3//1,2,52.0,39.02868,15.14555
DepthFirst,3//1,2,54.0,38.99168,15.62938
DepthFirst,3//1,2,56.0,39.0411,15.76878
DepthFirst,3//1,2,58.0,39.08832,15.83048
DepthFirst,3//1,2,60.0,39.06228,15.88125
DepthFirst,3//1,2,62.0,39.09566,15.93743
DepthFirst,3//1,2,64.0,39.027,15.96505
DepthFirst,3//1,2,66.0,39.0835,15.97709
DepthFirst,3//1,2,68.0,39.0733,15.99436
DepthFirst,3//1,2,70.0,39.0806,16.0
DepthFirst,3//1,2,72.0,39.11116,16.0
DepthFirst,3//1,2,74.0,39.09284,16.0
DepthFirst,3//1,2,76.0,39.1298,16.0
DepthFirst,3//1,2,78.0,39.06458,16.0
DepthFirst,3//1,2,80.0,39.07138,16.0
DepthFirst,3//1,2,82.0,39.07496,16.0
DepthFirst,3//1,2,84.0,39.10774,16.0
DepthFirst,3//1,2,86.0,39.02704,16.0
DepthFirst,3//1,2,88.0,39.09474,16.0
DepthFirst,3//1,2,90.0,39.0682,16.0
DepthFirst,3//1,2,92.0,38.99652,16.0
DepthFirst,3//1,2,94.0,39.05406,16.0
DepthFirst,3//1,2,96.0,39.03276,16.0
DepthFirst,3//1,2,98.0,39.10488,16.0
DepthFirst,3//1,2,100.0,39.08046,16.0
DepthFirst,3//1,2,102.0,39.08864,16.0
DepthFirst,3//1,2,104.0,39.03022,16.0
BreadthFirst,3//1,2,0.0,1.20576,0.99878
BreadthFirst,3//1,2,2.0,27.22142,9.90365
BreadthFirst,3//1,2,4.0,28.12616,10.00868
BreadthFirst,3//1,2,6.0,29.23068,10.15743
BreadthFirst,3//1,2,8.0,30.55146,10.32411
BreadthFirst,3//1,2,10.0,31.22844,10.44568
BreadthFirst,3//1,2,12.0,32.24032,10.64566
BreadthFirst,3//1,2,14.0,33.54096,10.89729
BreadthFirst,3//1,2,16.0,34.15716,11.06537
BreadthFirst,3//1,2,18.0,35.34558,11.45622
BreadthFirst,3//1,2,20.0,37.21992,12.14707
BreadthFirst,3//1,2,22.0,37.56786,12.28361
BreadthFirst,3//1,2,24.0,37.9187,12.46952
BreadthFirst,3//1,2,26.0,38.3222,12.69423
BreadthFirst,3//1,2,28.0,38.55986,12.82906
BreadthFirst,3//1,2,30.0,38.71016,13.06231
BreadthFirst,3//1,2,32.0,38.95006,13.35558
BreadthFirst,3//1,2,34.0,39.08982,13.52017
BreadthFirst,3//1,2,36.0,39.10958,14.02244
BreadthFirst,3//1,2,38.0,39.057,15.00108
BreadthFirst,3//1,2,40.0,39.04026,15.12477
BreadthFirst,3//1,2,42.0,39.11852,15.25251
BreadthFirst,3//1,2,44.0,39.094,15.41868
BreadthFirst,3//1,2,46.0,39.0933,15.49167
BreadthFirst,3//1,2,48.0,39.05738,15.57091
BreadthFirst,3//1,2,50.0,39.0385,15.65618
BreadthFirst,3//1,2,52.0,39.0375,15.70366
BreadthFirst,3//1,2,54.0,38.99884,15.76927
BreadthFirst,3//1,2,56.0,39.08026,15.83847
BreadthFirst,3//1,2,58.0,39.11644,15.87733
BreadthFirst,3//1,2,60.0,39.11658,15.91656
BreadthFirst,3//1,2,62.0,39.0491,15.96091
BreadthFirst,3//1,2,64.0,39.11248,15.97771
BreadthFirst,3//1,2,66.0,39.06936,15.98732
BreadthFirst,3//1,2,68.0,39.08388,15.99639
BreadthFirst,3//1,2,70.0,39.11454,16.0
BreadthFirst,3//1,2,72.0,39.08814,16.0
BreadthFirst,3//1,2,74.0,39.13486,16.0
BreadthFirst,3//1,2,76.0,39.06472,16.0
BreadthFirst,3//1,2,78.0,39.06934,16.0
BreadthFirst,3//1,2,80.0,39.1298,16.0
BreadthFirst,3//1,2,82.0,38.98942,16.0
BreadthFirst,3//1,2,84.0,39.06862,16.0
BreadthFirst,3//1,2,86.0,39.0869,16.0
BreadthFirst,3//1,2,88.0,39.06482,16.0
BreadthFirst,3//1,2,90.0,39.08922,16.0
BreadthFirst,3//1,2,92.0,39.0492,16.0
BreadthFirst,3//1,2,94.0,39.10252,16.0
BreadthFirst,3//1,2,96.0,39.00484,16.0
BreadthFirst,3//1,2,98.0,39.1193,16.0
BreadthFirst,3//1,2,100.0,39.05296,16.0
BreadthFirst,3//1,2,102.0,39.13768,16.0
BreadthFirst,3//1,2,104.0,39.04966,16.0
BestFirst,1//2,3,0.0,6.18006,0.92314
BestFirst,1//2,3,3.0,20.10891,4.41469
BestFirst,1//2,3,6.0,20.94444,5.07886
BestFirst,1//2,3,9.0,21.53598,5.58697
BestFirst,1//2,3,12.0,22.17783,5.92328
BestFirst,1//2,3,15.0,22.86717,6.35345
BestFirst,1//2,3,18.0,23.46027,6.8373
BestFirst,1//2,3,21.0,23.89989,7.34563
BestFirst,1//2,3,24.0,24.3675,8.09542
BestFirst,1//2,3,27.0,24.74403,8.85445
BestFirst,1//2,3,30.0,24.858,9.52602
BestFirst,1//2,3,33.0,24.99105,10.20808
BestFirst,1//2,3,36.0,25.06545,10.96206
BestFirst,1//2,3,39.0,25.06599,11.6978
BestFirst,1//2,3,42.0,25.00989,12.40101
BestFirst,1//2,3,45.0,25.07067,13.08405
BestFirst,1//2,3,48.0,25.10013,13.53597
BestFirst,1//2,3,51.0,25.09227,14.00295
BestFirst,1//2,3,54.0,25.02297,14.42785
BestFirst,1//2,3,57.0,25.06479,14.81086
BestFirst,1//2,3,60.0,24.96894,15.1201
BestFirst,1//2,3,63.0,25.07223,15.38317
BestFirst,1//2,3,66.0,25.09782,15.6233
BestFirst,1//2,3,69.0,25.068,15.81124
BestFirst,1//2,3,72.0,25.07169,15.88427
BestFirst,1//2,3,75.0,24.9993,15.94244
BestFirst,1//2,3,78.0,25.09602,15.97394
BestFirst,1//2,3,81.0,25.09662,16.0
BestFirst,1//2,3,84.0,25.0386,16.0
DepthFirst,1//2,3,0.0,4.79229,0.93102
DepthFirst,1//2,3,3.0,18.71679,6.43052
DepthFirst,1//2,3,6.0,20.19798,7.40779
DepthFirst,1//2,3,9.0,21.53757,8.33286
DepthFirst,1//2,3,12.0,22.16874,8.71306
DepthFirst,1//2,3,15.0,22.82181,9.17759
DepthFirst,1//2,3,18.0,23.39115,9.73471
DepthFirst,1//2,3,21.0,23.81292,10.24239
DepthFirst,1//2,3,24.0,24.26499,11.0979
DepthFirst,1//2,3,27.0,24.65328,11.92759
DepthFirst,1//2,3,30.0,24.83538,12.52204
DepthFirst,1//2,3,33.0,25.00482,13.1289
DepthFirst,1//2,3,36.0,25.00338,13.73135
DepthFirst,1//2,3,39.0,25.04853,14.29307
DepthFirst,1//2,3,42.0,25.04502,14.77963
DepthFirst,1//2,3,45.0,25.08933,15.26806
DepthFirst,1//2,3,48.0,25.06845,15.39954
DepthFirst,1//2,3,51.0,25.09923,15.50528
DepthFirst,1//2,3,54.0,25.04643,15.61298
DepthFirst,1//2,3,57.0,25.04889,15.7088
DepthFirst,1//2,3,60.0,25.02639,15.78325
DepthFirst,1//2,3,63.0,25.0437,15.85019
DepthFirst,1//2,3,66.0,25.06962,15.90834
DepthFirst,1//2,3,69.0,25.06725,15.95437
DepthFirst,1//2,3,72.0,25.06884,15.97001
DepthFirst,1//2,3,75.0,25.04007,15.98489
DepthFirst,1//2,3,78.0,25.05747,15.99349
DepthFirst,1//2,3,81.0,24.99309,16.0
DepthFirst,1//2,3,84.0,25.04391,16.0
BreadthFirst,1//2,3,0.0,6.38475,1.00253
BreadthFirst,1//2,3,3.0,24.59013,11.46801
BreadthFirst,1//2,3,6.0,25.00746,13.05373
BreadthFirst,1//2,3,9.0,25.00269,14.33549
BreadthFirst,1//2,3,12.0,25.03779,14.49323
BreadthFirst,1//2,3,15.0,25.07934,14.64821
BreadthFirst,1//2,3,18.0,25.05756,14.79394
BreadthFirst,1//2,3,21.0,24.97884,14.92548
BreadthFirst,1//2,3,24.0,25.09995,15.04645
BreadthFirst,1//2,3,27.0,25.07697,15.17987
BreadthFirst,1//2,3,30.0,25.1193,15.27329
BreadthFirst,1//2,3,33.0,25.01094,15.37113
BreadthFirst,1//2,3,36.0,25.04073,15.45844
BreadthFirst,1//2,3,39.0,25.03458,15.53973
BreadthFirst,1//2,3,42.0,25.09047,15.61276
BreadthFirst,1//2,3,45.0,25.06794,15.68466
BreadthFirst,1//2,3,48.0,24.99912,15.74544
BreadthFirst,1//2,3,51.0,25.06299,15.79027
BreadthFirst,1//2,3,54.0,25.08804,15.8361
BreadthFirst,1//2,3,57.0,25.03998,15.87375
BreadthFirst,1//2,3,60.0,25.03431,15.90944
BreadthFirst,1//2,3,63.0,25.11906,15.93934
BreadthFirst,1//2,3,66.0,24.93975,15.95764
BreadthFirst,1//2,3,69.0,25.0731,15.97228
BreadthFirst,1//2,3,72.0,24.9903,15.98246
BreadthFirst,1//2,3,75.0,25.02321,15.99203
BreadthFirst,1//2,3,78.0,25.04865,15.99696
BreadthFirst,1//2,3,81.0,25.03752,16.0
BreadthFirst,1//2,3,84.0,25.03176,16.0
BestFirst,1//3,3,0.0,13.5321,0.91116
BestFirst,1//3,3,3.0,39.02115,4.16045
BestFirst,1//3,3,6.0,39.53067,4.70608
BestFirst,1//3,3,9.0,40.15752,5.03779
BestFirst,1//3,3,12.0,40.58589,5.11484
BestFirst,1//3,3,15.0,41.88324,5.37705
BestFirst,1//3,3,18.0,42.97356,5.59853
BestFirst,1//3,3,21.0,43.18911,5.68277
BestFirst,1//3,3,24.0,44.06274,5.90542
BestFirst,1//3,3,27.0,44.63505,6.0867
BestFirst,1//3,3,30.0,44.63829,6.11778
BestFirst,1//3,3,33.0,45.13497,6.28411
BestFirst,1//3,3,36.0,45.47934,6.47541
BestFirst,1//3,3,39.0,45.71847,6.65898
BestFirst,1//3,3,42.0,47.07294,7.2978
BestFirst,1//3,3,45.0,47.6907,7.93767
BestFirst,1//3,3,48.0,47.95719,8.11698
BestFirst,1//3,3,51.0,48.51129,8.73019
BestFirst,1//3,3,54.0,48.8076,9.24987
BestFirst,1//3,3,57.0,48.77382,9.31976
BestFirst,1//3,3,60.0,49.02324,9.4699
BestFirst,1//3,3,63.0,49.12857,9.63326
BestFirst,1//3,3,66.0,49.01859,9.81323
BestFirst,1//3,3,69.0,48.94854,10.50278
BestFirst,1//3,3,72.0,49.15233,11.05892
BestFirst,1//3,3,75.0,49.15143,11.25714
BestFirst,1//3,3,78.0,49.19598,11.88213
BestFirst,1//3,3,81.0,49.16916,12.37141
BestFirst,1//3,3,84.0,49.05027,12.43954
BestFirst,1//3,3,87.0,49.11888,12.6115
BestFirst,1//3,3,90.0,49.26612,12.77233
BestFirst,1//3,3,93.0,49.02423,12.90308
BestFirst,1//3,3,96.0,49.23621,13.30199
BestFirst,1//3,3,99.0,49.14225,13.63605
BestFirst,1//3,3,102.0,49.19085,13.7798
BestFirst,1//3,3,105.0,49.22931,14.18928
BestFirst,1//3,3,108.0,49.12137,14.50806
BestFirst,1//3,3,111.0,49.12098,14.56301
BestFirst,1//3,3,114.0,49.05015,14.75261
BestFirst,1//3,3,117.0,49.11219,14.91976
BestFirst,1//3,3,120.0,49.10181,15.00116
BestFirst,1//3,3,123.0,49.22103,15.23386
BestFirst,1//3,3,126.0,49.1379,15.42574
BestFirst,1//3,3,129.0,49.25577,15.47472
BestFirst,1//3,3,132.0,49.30917,15.6539
BestFirst,1//3,3,135.0,49.2303,15.78112
BestFirst,1//3,3,138.0,49.36878,15.8045
BestFirst,1//3,3,141.0,49.13232,15.87531
BestFirst,1//3,3,144.0,49.24047,15.9328
BestFirst,1//3,3,147.0,49.02537,15.94198
BestFirst,1//3,3,150.0,49.16901,15.97436
BestFirst,1//3,3,153.0,49.1106,16.0
BestFirst,1//3,3,156.0,49.07997,16.0
DepthFirst,1//3,3,0.0,10.60023,0.93399
DepthFirst,1//3,3,3.0,39.05019,6.6264
DepthFirst,1//3,3,6.0,39.65376,7.15009
DepthFirst,1//3,3,9.0,40.12674,7.51187
DepthFirst,1//3,3,12.0,40.55169,7.57384
DepthFirst,1//3,3,15.0,41.61129,7.90271
DepthFirst,1//3,3,18.0,42.93078,8.19228
DepthFirst,1//3,3,21.0,43.21881,8.27309
DepthFirst,1//3,3,24.0,44.09661,8.53877
DepthFirst,1//3,3,27.0,44.64252,8.78056
DepthFirst,1//3,3,30.0,44.69319,8.80438
DepthFirst,1//3,3,33.0,45.01263,8.97019
DepthFirst,1//3,3,36.0,45.48873,9.2014
DepthFirst,1//3,3,39.0,45.76332,9.36159
DepthFirst,1//3,3,42.0,46.72359,10.13103
DepthFirst,1//3,3,45.0,47.82366,10.9704
DepthFirst,1//3,3,48.0,47.82972,11.1165
DepthFirst,1//3,3,51.0,48.34443,11.80368
DepthFirst,1//3,3,54.0,48.86151,12.47393
DepthFirst,1//3,3,57.0,48.83295,12.49482
DepthFirst,1//3,3,60.0,48.8838,12.63544
DepthFirst,1//3,3,63.0,49.05684,12.80491
DepthFirst,1//3,3,66.0,48.94089,12.91456
DepthFirst,1//3,3,69.0,49.10427,13.47478
DepthFirst,1//3,3,72.0,49.19919,14.04701
DepthFirst,1//3,3,75.0,49.18644,14.16691
DepthFirst,1//3,3,78.0,49.1976,14.64411
DepthFirst,1//3,3,81.0,49.09593,15.09208
DepthFirst,1//3,3,84.0,49.25079,15.10792
DepthFirst,1//3,3,87.0,49.25268,15.16127
DepthFirst,1//3,3,90.0,48.99024,15.19512
DepthFirst,1//3,3,93.0,49.17288,15.23194
DepthFirst,1//3,3,96.0,49.22217,15.33815
DepthFirst,1//3,3,99.0,49.36512,15.40151
DepthFirst,1//3,3,102.0,49.10841,15.45053
DepthFirst,1//3,3,105.0,49.07562,15.55647
DepthFirst,1//3,3,108.0,49.12812,15.6289
DepthFirst,1//3,3,111.0,49.14975,15.6368
DepthFirst,1//3,3,114.0,49.1997,15.69159
DepthFirst,1//3,3,117.0,49.0377,15.72774
DepthFirst,1//3,3,120.0,49.22259,15.75212
DepthFirst,1//3,3,123.0,49.15746,15.80998
DepthFirst,1//3,3,126.0,49.23234,15.8548
DepthFirst,1//3,3,129.0,49.16193,15.87044
DepthFirst,1//3,3,132.0,49.20003,15.91746
DepthFirst,1//3,3,135.0,49.21659,15.94576
DepthFirst,1//3,3,138.0,49.27659,15.95242
DepthFirst,1//3,3,141.0,49.29564,15.96986
DepthFirst,1//3,3,144.0,49.19769,15.98378
DepthFirst,1//3,3,147.0,49.11888,15.98557
DepthFirst,1//3,3,150.0,49.23387,15.99373
DepthFirst,1//3,3,153.0,49.13295,16.0
DepthFirst,1//3,3,156.0,49.07679,16.0
BreadthFirst,1//3,3,0.0,14.17059,1.0009
BreadthFirst,1//3,3,3.0,48.74079,11.41329
BreadthFirst,1//3,3,6.0,49.18116,12.99368
BreadthFirst,1//3,3,9.0,49.1289,14.27682
BreadthFirst,1//3,3,12.0,49.30797,14.29455
BreadthFirst,1//3,3,15.0,49.17432,14.39115
BreadthFirst,1//3,3,18.0,49.16589,14.46473
BreadthFirst,1//3,3,21.0,49.15467,14.49241
BreadthFirst,1//3,3,24.0,49.08168,14.59103
BreadthFirst,1//3,3,27.0,49.19517,14.6647
BreadthFirst,1//3,3,30.0,49.08228,14.69994
BreadthFirst,1//3,3,33.0,49.24116,14.82421
BreadthFirst,1//3,3,36.0,49.20282,14.92785
BreadthFirst,1//3,3,39.0,49.25472,14.94453
BreadthFirst,1//3,3,42.0,49.10121,15.01929
BreadthFirst,1//3,3,45.0,49.22595,15.06417
BreadthFirst,1//3,3,48.0,49.29666,15.08206
BreadthFirst,1//3,3,51.0,49.26798,15.13215
BreadthFirst,1//3,3,54.0,49.13841,15.18347
BreadthFirst,1//3,3,57.0,48.94596,15.20151
BreadthFirst,1//3,3,60.0,49.36053,15.2742
BreadthFirst,1//3,3,63.0,49.03452,15.33159
BreadthFirst,1//3,3,66.0,49.13163,15.34654
BreadthFirst,1//3,3,69.0,49.18326,15.38966
BreadthFirst,1//3,3,72.0,49.09854,15.42104
BreadthFirst,1//3,3,75.0,49.21554,15.43425
BreadthFirst,1//3,3,78.0,49.01373,15.4836
BreadthFirst,1//3,3,81.0,49.18638,15.52538
BreadthFirst,1//3,3,84.0,49.14951,15.54381
BreadthFirst,1//3,3,87.0,49.08459,15.61093
BreadthFirst,1//3,3,90.0,49.09497,15.67097
BreadthFirst,1//3,3,93.0,49.21668,15.68232
BreadthFirst,1//3,3,96.0,49.23123,15.71817
BreadthFirst,1//3,3,99.0,49.11816,15.74286
BreadthFirst,1//3,3,102.0,49.12959,15.75366
BreadthFirst,1//3,3,105.0,49.07313,15.78328
BreadthFirst,1//3,3,108.0,49.1928,15.8087
BreadthFirst,1//3,3,111.0,49.11069,15.82666
BreadthFirst,1//3,3,114.0,49.09791,15.86953
BreadthFirst,1//3,3,117.0,49.15575,15.90424
BreadthFirst,1//3,3,120.0,49.05459,15.91396
BreadthFirst,1//3,3,123.0,49.13961,15.93564
BreadthFirst,1//3,3,126.0,49.13763,15.94925
BreadthFirst,1//3,3,129.0,49.11384,15.95319
BreadthFirst,1//3,3,132.0,49.11612,15.96134
BreadthFirst,1//3,3,135.0,49.1613,15.96741
BreadthFirst,1//3,3,138.0,49.28799,15.96986
BreadthFirst,1//3,3,141.0,49.125,15.98244
BreadthFirst,1//3,3,144.0,49.20273,15.98966
BreadthFirst,1//3,3,147.0,49.09467,15.99135
BreadthFirst,1//3,3,150.0,49.19199,15.9966
BreadthFirst,1//3,3,153.0,49.08462,16.0
BreadthFirst,1//3,3,156.0,49.13301,16.0
BestFirst,2//1,3,0.0,2.47929,0.95478
BestFirst,2//1,3,3.0,19.49799,5.4038
BestFirst,2//1,3,6.0,20.02905,5.4722
BestFirst,2//1,3,9.0,20.83995,5.64749
BestFirst,2//1,3,12.0,23.30559,6.32045
BestFirst,2//1,3,15.0,25.89348,7.11635
BestFirst,2//1,3,18.0,26.76768,7.42372
BestFirst,2//1,3,21.0,27.33114,7.70203
BestFirst,2//1,3,24.0,27.6918,8.33336
BestFirst,2//1,3,27.0,28.17324,9.24145
BestFirst,2//1,3,30.0,28.46868,10.03586
BestFirst,2//1,3,33.0,28.63935,10.87929
BestFirst,2//1,3,36.0,28.67994,11.80627
BestFirst,2//1,3,39.0,28.79376,12.79579
BestFirst,2//1,3,42.0,28.78266,13.8582
BestFirst,2//1,3,45.0,28.78557,14.72849
BestFirst,2//1,3,48.0,28.74003,15.28062
BestFirst,2//1,3,51.0,28.72443,15.62694
BestFirst,2//1,3,54.0,28.77807,15.81374
BestFirst,2//1,3,57.0,28.79781,15.90838
BestFirst,2//1,3,60.0,28.80081,15.97439
BestFirst,2//1,3,63.0,28.77288,16.0
BestFirst,2//1,3,66.0,28.75374,16.0
BestFirst,2//1,3,69.0,28.73205,16.0
BestFirst,2//1,3,72.0,28.74663,16.0
BestFirst,2//1,3,75.0,28.746,16.0
BestFirst,2//1,3,78.0,28.73976,16.0
BestFirst,2//1,3,81.0,28.73013,16.0
BestFirst,2//1,3,84.0,28.76259,16.0
DepthFirst,2//1,3,0.0,2.69715,0.91242
DepthFirst,2//1,3,3.0,16.68168,4.25719
DepthFirst,2//1,3,6.0,18.03453,4.6637
DepthFirst,2//1,3,9.0,19.89582,5.23337
DepthFirst,2//1,3,12.0,22.28262,6.11258
DepthFirst,2//1,3,15.0,24.50727,7.13667
DepthFirst,2//1,3,18.0,25.91673,8.01711
DepthFirst,2//1,3,21.0,26.73663,8.72913
DepthFirst,2//1,3,24.0,27.44736,9.83205
DepthFirst,2//1,3,27.0,28.07643,11.09462
DepthFirst,2//1,3,30.0,28.42758,11.94353
DepthFirst,2//1,3,33.0,28.61412,12.85742
DepthFirst,2//1,3,36.0,28.70964,13.84603
DepthFirst,2//1,3,39.0,28.74495,14.48905
DepthFirst,2//1,3,42.0,28.74603,15.15902
DepthFirst,2//1,3,45.0,28.71279,15.69871
DepthFirst,2//1,3,48.0,28.74426,15.82642
DepthFirst,2//1,3,51.0,28.72542,15.90859
DepthFirst,2//1,3,54.0,28.76424,15.95185
DepthFirst,2//1,3,57.0,28.78905,15.97756
DepthFirst,2//1,3,60.0,28.73544,15.99337
DepthFirst,2//1,3,63.0,28.77258,16.0
DepthFirst,2//1,3,66.0,28.77717,16.0
DepthFirst,2//1,3,69.0,28.73877,16.0
DepthFirst,2//1,3,72.0,28.76238,16.0
DepthFirst,2//1,3,75.0,28.78911,16.0
DepthFirst,2//1,3,78.0,28.79553,16.0
DepthFirst,2//1,3,81.0,28.71861,16.0
DepthFirst,2//1,3,84.0,28.72803,16.0
BreadthFirst,2//1,3,0.0,1.69608,0.99722
BreadthFirst,2//1,3,3.0,21.91881,10.26473
BreadthFirst,2//1,3,6.0,23.58858,10.64176
BreadthFirst,2//1,3,9.0,25.04784,11.06417
BreadthFirst,2//1,3,12.0,26.39325,11.68128
BreadthFirst,2//1,3,15.0,27.89268,12.57975
BreadthFirst,2//1,3,18.0,28.26312,12.99375
BreadthFirst,2//1,3,21.0,28.60512,13.35646
BreadthFirst,2//1,3,24.0,28.76664,13.93549
BreadthFirst,2//1,3,27.0,28.75749,14.92281
BreadthFirst,2//1,3,30.0,28.80144,15.1443
BreadthFirst,2//1,3,33.0,28.7148,15.33375
BreadthFirst,2//1,3,36.0,28.7889,15.50221
BreadthFirst,2//1,3,39.0,28.72107,15.63772
BreadthFirst,2//1,3,42.0,28.81086,15.74596
BreadthFirst,2//1,3,45.0,28.78158,15.83251
BreadthFirst,2//1,3,48.0,28.74483,15.89182
BreadthFirst,2//1,3,51.0,28.7613,15.93852
BreadthFirst,2//1,3,54.0,28.75479,15.96937
BreadthFirst,2//1,3,57.0,28.76013,15.9869
BreadthFirst,2//1,3,60.0,28.77147,15.99684
BreadthFirst,2//1,3,63.0,28.74486,16.0
BreadthFirst,2//1,3,66.0,28.68195,16.0
BreadthFirst,2//1,3,69.0,28.75386,16.0
BreadthFirst,2//1,3,72.0,28.7403,16.0
BreadthFirst,2//1,3,75.0,28.72506,16.0
BreadthFirst,2//1,3,78.0,28.73964,16.0
BreadthFirst,2//1,3,81.0,28.75647,16.0
BreadthFirst,2//1,3,84.0,28.78998,16.0
BestFirst,3//1,3,0.0,3.40518,0.94565
BestFirst,3//1,3,3.0,35.49975,5.57897
BestFirst,3//1,3,6.0,35.77626,5.60136
BestFirst,3//1,3,9.0,36.52542,5.65316
BestFirst,3//1,3,12.0,38.48064,5.82513
BestFirst,3//1,3,15.0,41.52834,6.11987
BestFirst,3//1,3,18.0,43.5063,6.34334
BestFirst,3//1,3,21.0,45.82908,6.56685
BestFirst,3//1,3,24.0,48.9186,6.91699
BestFirst,3//1,3,27.0,51.91197,7.28892
BestFirst,3//1,3,30.0,53.95503,7.59052
BestFirst,3//1,3,33.0,54.24111,7.63995
BestFirst,3//1,3,36.0,54.5382,7.67362
BestFirst,3//1,3,39.0,55.00026,7.85392
BestFirst,3//1,3,42.0,55.64736,8.11756
BestFirst,3//1,3,45.0,56.3445,8.38638
BestFirst,3//1,3,48.0,56.94459,8.67108
BestFirst,3//1,3,51.0,57.58014,8.98838
BestFirst,3//1,3,54.0,57.90402,9.58488
BestFirst,3//1,3,57.0,58.13556,10.27938
BestFirst,3//1,3,60.0,58.30539,10.52197
BestFirst,3//1,3,63.0,58.33119,10.74954
BestFirst,3//1,3,66.0,58.40661,11.20958
BestFirst,3//1,3,69.0,58.52799,11.76691
BestFirst,3//1,3,72.0,58.6197,12.35681
BestFirst,3//1,3,75.0,58.58022,13.08748
BestFirst,3//1,3,78.0,58.54641,13.78421
BestFirst,3//1,3,81.0,58.5903,14.46166
BestFirst,3//1,3,84.0,58.47273,15.0465
BestFirst,3//1,3,87.0,58.55904,15.31834
BestFirst,3//1,3,90.0,58.58973,15.51001
BestFirst,3//1,3,93.0,58.55613,15.75168
BestFirst,3//1,3,96.0,58.6425,15.85936
BestFirst,3//1,3,99.0,58.63518,15.90962
BestFirst,3//1,3,102.0,58.54479,15.97491
BestFirst,3//1,3,105.0,58.4988,16.0
BestFirst,3//1,3,108.0,58.51752,16.0
BestFirst,3//1,3,111.0,58.57668,16.0
BestFirst,3//1,3,114.0,58.581,16.0
BestFirst,3//1,3,117.0,58.56192,16.0
BestFirst,3//1,3,120.0,58.66695,16.0
BestFirst,3//1,3,123.0,58.65864,16.0
BestFirst,3//1,3,126.0,58.72275,16.0
BestFirst,3//1,3,129.0,58.56384,16.0
BestFirst,3//1,3,132.0,58.62984,16.0
BestFirst,3//1,3,135.0,58.58703,16.0
BestFirst,3//1,3,138.0,58.5402,16.0
BestFirst,3//1,3,141.0,58.54596,16.0
BestFirst,3//1,3,144.0,58.57887,16.0
BestFirst,3//1,3,147.0,58.5711,16.0
BestFirst,3//1,3,150.0,58.49094,16.0
BestFirst,3//1,3,153.0,58.61022,16.0
BestFirst,3//1,3,156.0,58.63767,16.0
DepthFirst,3//1,3,0.0,4.62216,0.90078
DepthFirst,3//1,3,3.0,31.61244,3.78298
DepthFirst,3//1,3,6.0,33.68001,4.006
DepthFirst,3//1,3,9.0,35.03394,4.16235
DepthFirst,3//1,3,12.0,36.69042,4.34592
DepthFirst,3//1,3,15.0,40.91079,4.88111
DepthFirst,3//1,3,18.0,43.70484,5.22932
DepthFirst,3//1,3,21.0,44.5737,5.36637
DepthFirst,3//1,3,24.0,46.5354,5.68068
DepthFirst,3//1,3,27.0,48.53295,5.99753
DepthFirst,3//1,3,30.0,49.59864,6.21835
DepthFirst,3//1,3,33.0,50.81805,6.63529
DepthFirst,3//1,3,36.0,51.88266,6.98304
DepthFirst,3//1,3,39.0,52.34193,7.24459
DepthFirst,3//1,3,42.0,54.38163,8.27315
DepthFirst,3//1,3,45.0,55.95366,9.23833
DepthFirst,3//1,3,48.0,56.32032,9.45773
DepthFirst,3//1,3,51.0,57.17646,10.16417
DepthFirst,3//1,3,54.0,57.55944,10.98037
DepthFirst,3//1,3,57.0,57.82461,11.34936
DepthFirst,3//1,3,60.0,58.08285,11.82111
DepthFirst,3//1,3,63.0,58.26912,12.20523
DepthFirst,3//1,3,66.0,58.30902,12.51048
DepthFirst,3//1,3,69.0,58.56957,13.45693
DepthFirst,3//1,3,72.0,58.59003,14.27823
DepthFirst,3//1,3,75.0,58.56375,14.56402
DepthFirst,3//1,3,78.0,58.57635,15.12106
DepthFirst,3//1,3,81.0,58.64241,15.62294
DepthFirst,3//1,3,84.0,58.59441,15.76444
DepthFirst,3//1,3,87.0,58.58151,15.83176
DepthFirst,3//1,3,90.0,58.6041,15.87849
DepthFirst,3//1,3,93.0,58.62876,15.93739
DepthFirst,3//1,3,96.0,58.68621,15.96445
DepthFirst,3//1,3,99.0,58.64709,15.97709
DepthFirst,3//1,3,102.0,58.54872,15.99362
DepthFirst,3//1,3,105.0,58.53459,16.0
DepthFirst,3//1,3,108.0,58.60179,16.0
DepthFirst,3//1,3,111.0,58.62507,16.0
DepthFirst,3//1,3,114.0,58.61505,16.0
DepthFirst,3//1,3,117.0,58.56537,16.0
DepthFirst,3//1,3,120.0,58.5591,16.0
DepthFirst,3//1,3,123.0,58.57677,16.0
DepthFirst,3//1,3,126.0,58.70217,16.0
DepthFirst,3//1,3,129.0,58.55703,16.0
DepthFirst,3//1,3,132.0,58.61148,16.0
DepthFirst,3//1,3,135.0,58.64835,16.0
DepthFirst,3//1,3,138.0,58.61148,16.0
DepthFirst,3//1,3,141.0,58.54953,16.0
DepthFirst,3//1,3,144.0,58.61739,16.0
DepthFirst,3//1,3,147.0,58.5105,16.0
DepthFirst,3//1,3,150.0,58.68,16.0
DepthFirst,3//1,3,153.0,58.62417,16.0
DepthFirst,3//1,3,156.0,58.53483,16.0
BreadthFirst,3//1,3,0.0,1.8012,1.0007
BreadthFirst,3//1,3,3.0,40.8132,9.90969
BreadthFirst,3//1,3,6.0,42.30951,10.01482
BreadthFirst,3//1,3,9.0,44.05764,10.15359
BreadthFirst,3//1,3,12.0,45.81768,10.32977
BreadthFirst,3//1,3,15.0,46.87452,10.44638
BreadthFirst,3//1,3,18.0,48.39111,10.64878
BreadthFirst,3//1,3,21.0,50.28729,10.90505
BreadthFirst,3//1,3,24.0,51.26724,11.05137
BreadthFirst,3//1,3,27.0,52.89444,11.45832
BreadthFirst,3//1,3,30.0,55.75521,12.13135
BreadthFirst,3//1,3,33.0,56.36436,12.29087
BreadthFirst,3//1,3,36.0,56.90367,12.46908
BreadthFirst,3//1,3,39.0,57.57465,12.68717
BreadthFirst,3//1,3,42.0,57.80235,12.83454
BreadthFirst,3//1,3,45.0,58.2018,13.04756
BreadthFirst,3//1,3,48.0,58.45503,13.35374
BreadthFirst,3//1,3,51.0,58.50543,13.53487
BreadthFirst,3//1,3,54.0,58.56822,14.02709
BreadthFirst,3//1,3,57.0,58.64769,14.99373
BreadthFirst,3//1,3,60.0,58.61673,15.12225
BreadthFirst,3//1,3,63.0,58.65972,15.24978
BreadthFirst,3//1,3,66.0,58.6116,15.41572
BreadthFirst,3//1,3,69.0,58.63233,15.49593
BreadthFirst,3//1,3,72.0,58.5456,15.5686
BreadthFirst,3//1,3,75.0,58.58046,15.65212
BreadthFirst,3//1,3,78.0,58.62129,15.70055
BreadthFirst,3//1,3,81.0,58.67445,15.76813
BreadthFirst,3//1,3,84.0,58.5741,15.84111
BreadthFirst,3//1,3,87.0,58.53468,15.87585
BreadthFirst,3//1,3,90.0,58.55874,15.91833
BreadthFirst,3//1,3,93.0,58.6608,15.95994
BreadthFirst,3//1,3,96.0,58.53717,15.97772
BreadthFirst,3//1,3,99.0,58.59705,15.98766
BreadthFirst,3//1,3,102.0,58.67883,15.99733
BreadthFirst,3//1,3,105.0,58.596,16.0
BreadthFirst,3//1,3,108.0,58.59378,16.0
BreadthFirst,3//1,3,111.0,58.51911,16.0
BreadthFirst,3//1,3,114.0,58.51944,16.0
BreadthFirst,3//1,3,117.0,58.50402,16.0
BreadthFirst,3//1,3,120.0,58.61064,16.0
BreadthFirst,3//1,3,123.0,58.57656,16.0
BreadthFirst,3//1,3,126.0,58.55574,16.0
BreadthFirst,3//1,3,129.0,58.54911,16.0
BreadthFirst,3//1,3,132.0,58.66008,16.0
BreadthFirst,3//1,3,135.0,58.59438,16.0
BreadthFirst,3//1,3,138.0,58.71876,16.0
BreadthFirst,3//1,3,141.0,58.56531,16.0
BreadthFirst,3//1,3,144.0,58.51755,16.0
BreadthFirst,3//1,3,147.0,58.62162,16.0
BreadthFirst,3//1,3,150.0,58.57809,16.0
BreadthFirst,3//1,3,153.0,58.56375,16.0
BreadthFirst,3//1,3,156.0,58.63542,16.0
